is Haller-01 001:00109 [[];file:../../DjVu/Haller-01.djvu?djvuopts=&highlight=00792,00040,00041,00162&page=001;+ Haller-01.djvu p 1 x 792 y 40 h 41 w 162;※ 0_Haller-01_PT04_164.djvu 00111 (111) new
is  Ungler2-06 001:00091 [(];file:../../DjVu/Ungler2-06.djvu?djvuopts=&highlight=01090,00165,00022,00052&page=001;is + Ungler2-06.djvu p 1 x 1090 y 165 h 22 w 52;※ 0_Ungler2-06_PT05_241.djvu 00093 (93) new
is Haller-01 001:00108 [|];file:../../DjVu/Haller-01.djvu?djvuopts=&highlight=00747,00048,00029,00150&page=001;+ Haller-01.djvu p 1 x 747 y 48 h 29 w 150;※ 0_Haller-01_PT04_164.djvu 00110 (110) new
is Haller-03 001:00140 [!];file:../../DjVu/Haller-03.djvu?djvuopts=&highlight=02259,00227,00024,00090&page=001;+ Haller-03.djvu p 1 x 2259 y 227 h 24 w 90;※ 0_Haller-03_PT04_166.djvu 00142 (142) new
is Haller-04 001:00156 [(];file:../../DjVu/Haller-04.djvu?djvuopts=&highlight=00506,00043,00020,00060&page=001;+ Haller-04.djvu p 1 x 506 y 43 h 20 w 60;※ 0_Haller-04_PT04_167.djvu 00158 (158) new
is Haller-05 001:00150 [?];file:../../DjVu/Haller-05.djvu?djvuopts=&highlight=00129,00039,00018,00046&page=001;is + Haller-05.djvu p 1 x 129 y 39 h 18 w 46;※ 0_Haller-05_PT04_168.djvu 00152 (152) new
is Haller-06 001:00128 [];file:../../DjVu/Haller-06.djvu?djvuopts=&highlight=01029,00051,00008,00036&page=001;+ Haller-06.djvu p 1 x 1029 y 51 h 8 w 36;※ 0_Haller-06_PT04_169.djvu 00130 (130) new
is Haller-08 001:00141 [(];file:../../DjVu/Haller-08.djvu?djvuopts=&highlight=01225,00168,00020,00057&page=001;is+ Haller-08.djvu p 1 x 1225 y 168 h 20 w 57;※ 0_Haller-08_PT04_171.djvu 00143 (143) new
is Haller-09 001:00156 [(];file:../../DjVu/Haller-09.djvu?djvuopts=&highlight=00092,00049,00012,00049&page=001;is+Haller-09.djvu p 1 x 92 y 49 h 12 w 49;※ 0_Haller-09_PT04_172.djvu 00158 (158) new
is Haller-10 001:00126 [(];file:../../DjVu/Haller-10.djvu?djvuopts=&highlight=01090,00052,00012,00049&page=001;is+ Haller-10.djvu p 1 x 1090 y 52 h 12 w 49;※ 0_Haller-10_PT04_173.djvu 00128 (128) new
is Haller-12 001:00108 [K];file:../../DjVu/Haller-12.djvu?djvuopts=&highlight=01464,00281,00043,00119&page=001;is+Haller-12.djvu p 1 x 1464 y 281 h 43 w 119;※ 0_Haller-12_PT04_175.djvu 00110 (110) new
is Haller-13 001:00115 [[];file:../../DjVu/Haller-13.djvu?djvuopts=&highlight=01291,00143,00022,00062&page=001;is+ Haller-13.djvu p 1 x 1291 y 143 h 22 w 62;※ 0_Haller-13_PT04_172.djvu 00117 (117) new
is Hochfeder-03 001:00138 [[];file:../../DjVu/Hochfeder-03.djvu?djvuopts=&highlight=00648,00123,00023,00084&page=001;is+Hochfeder-03.djvu p 1 x 648 y 123 h 23 w 84;※ 0_Hochfeder-03_PT01_021.djvu 00140 (140) new
is Hochfeder-05 001:00142 [|];file:../../DjVu/Hochfeder-05.djvu?djvuopts=&highlight=01639,00041,00036,00129&page=001;is+Hochfeder-05.djvu p 1 x 1639 y 41 h 36 w 129;※ 0_Hochfeder-05_PT01_023.djvu 00144 (144) new
is Hochfeder-07 001:00136 [[];file:../../DjVu/Hochfeder-07.djvu?djvuopts=&highlight=01004,00014,00017,00065&page=001;is+Hochfeder-07.djvu p 1 x 1004 y 14 h 17 w 65;※ 0_Hochfeder-07_PT01_024.djvu 00138 (138) new
is Hochfeder-08 001:00141 [(];file:../../DjVu/Hochfeder-08.djvu?djvuopts=&highlight=01380,00106,00036,00095&page=001;is+Hochfeder-08.djvu p 1 x 1380 y 106 h 36 w 95;※ 0_Hochfeder-08_PT01_020.djvu 00143 (143) new
is Hochfeder-08 001:00141 [(];file:../../DjVu/Hochfeder-08.djvu?djvuopts=&highlight=01380,00106,00036,00095&page=001;is+Hochfeder-08.djvu p 1 x 1380 y 106 h 36 w 95;※ 0_Hochfeder-08_PT01_020.djvu 00143 (143) new
is Hochfeder-09 001:00142 [[];file:../../DjVu/Hochfeder-09.djvu?djvuopts=&highlight=01568,00077,00033,00091&page=001;is+Hochfeder-09.djvu p 1 x 1568 y 77 h 33 w 91;※ 0_Hochfeder-09_PT01_027.djvu 00144 (144) new
is Hochfeder-09 001:00142 [[];file:../../DjVu/Hochfeder-09.djvu?djvuopts=&highlight=01568,00077,00033,00091&page=001;is+Hochfeder-09.djvu p 1 x 1568 y 77 h 33 w 91;※ 0_Hochfeder-09_PT01_027.djvu 00144 (144) new
is Hochfeder-10 001:00147 [(];file:../../DjVu/Hochfeder-10.djvu?djvuopts=&highlight=02404,00068,00041,00167&page=001;is+Hochfeder-10.djvu p 1 x 2404 y 68 h 41 w 167;※ 0_Hochfeder-10_PT01_028.djvu 00154 (154) new
is Ungler1-02 001:00138 [Á];file:../../DjVu/Ungler1-02.djvu?djvuopts=&highlight=01097,00094,00016,00045&page=001;is+Ungler1-02.djvu p 1 x 1097 y 94 h 16 w 45;※ 0_Ungler1-02_PT03_113.djvu 00140 (140) new
is Ungler1-03 001:00161 [,];file:../../DjVu/Ungler1-03.djvu?djvuopts=&highlight=01382,00149,00028,00072&page=001;is+ Ungler1-03.djvu p 1 x 1382 y 149 h 28 w 72;※ 0_Ungler1-03_PT03_114.djvu 00163 (163) new
is Ungler1-06 001:00170 [[];file:../../DjVu/Ungler1-06.djvu?djvuopts=&highlight=00863,00071,00018,00042&page=001;is + Ungler1-06.djvu p 1 x 863 y 71 h 18 w 42;※ 0_Ungler1-06_PT03_117.djvu 00172 (172) new
is Ungler1-07 001:00127 [4];file:../../DjVu/Ungler1-07.djvu?djvuopts=&highlight=00755,00068,00015,00050&page=001;is+ Ungler1-07.djvu p 1 x 755 y 68 h 15 w 50;※ 0_Ungler1-07_PT03_118.djvu 00129 (129) new
is Ungler2-01 001:00108 [H];file:../../DjVu/Ungler2-01.djvu?djvuopts=&highlight=01715,00238,00032,00075&page=001;is+ Ungler2-01.djvu p 1 x 1715 y 238 h 32 w 75;※ 0_Ungler2-01_PT05_239.djvu 00110 (110) new
is Ungler2-03 001:00179 [(];file:../../DjVu/Ungler2-03.djvu?djvuopts=&highlight=00755,00158,00012,00041&page=001;is+ Ungler2-03.djvu p 1 x 755 y 158 h 12 w 41;※ 0_Ungler2-03_PT05_241.djvu 00181 (181) new
is Ungler2-09 001:00146 [(];file:../../DjVu/Ungler2-09.djvu?djvuopts=&highlight=01569,00160,00017,00051&page=001;is+ Ungler2-09.djvu p 1 x 1569 y 160 h 17 w 51;※ 0_Ungler2-09_PT05_244.djvu 00148 (148) new
is Ungler2-10 001:00115 [(];file:../../DjVu/Ungler2-10.djvu?djvuopts=&highlight=00464,00094,00018,00050&page=001;is+ Ungler2-10.djvu p 1 x 464 y 94 h 18 w 50;※ 0_Ungler2-10_PT05_245.djvu 00117 (117) new
is Ungler2-14 001:00171 [|];file:../../DjVu/Ungler2-14.djvu?djvuopts=&highlight=00895,00043,00014,00046&page=001;is+ Ungler2-14.djvu p 1 x 895 y 43 h 14 w 46;※ 0_Ungler2-14_PT07_357.djvu 00173 (173) new
is Ungler2-18 001:00113 ['];file:../../DjVu/Ungler2-18.djvu?djvuopts=&highlight=01156,00137,00021,00064&page=001;is+ Ungler2-18.djvu p 1 x 1156 y 137 h 21 w 64;※ 0_Ungler2-18_PT07_360.djvu 00115 (115) new
is Ungler2-18 001:00114 [f];file:../../DjVu/Ungler2-18.djvu?djvuopts=&highlight=01188,00137,00029,00064&page=001;is+ Ungler2-18.djvu p 1 x 1188 y 137 h 29 w 64;※ 0_Ungler2-18_PT07_360.djvu 00116 (116) new
is Ungler2-20 001:00128 [Hi];file:../../DjVu/Ungler2-20.djvu?djvuopts=&highlight=01616,00154,00037,00064&page=001;is+ Ungler2-20.djvu p 1 x 1616 y 154 h 37 w 64;※ 0_Ungler2-20_PT07_361.djvu 00130 (130) new
