Hochfeder-10 001:00000  [H];file:../../DjVu/Hochfeder-10.djvu?djvuopts=&highlight=00055,00750,00095,00121&page=001;Hochfeder-10.djvu p 1 x 55 y 750 h 95 w 121;※ 0_Hochfeder-10_PT01_028.djvu 00002 (2) new
Hochfeder-10 001:00001  [lo,];file:../../DjVu/Hochfeder-10.djvu?djvuopts=&highlight=00188,00750,00118,00136&page=001;Hochfeder-10.djvu p 1 x 188 y 750 h 118 w 136;※ 0_Hochfeder-10_PT01_028.djvu 00003 (3) new
Hochfeder-10 001:00002  [A];file:../../DjVu/Hochfeder-10.djvu?djvuopts=&highlight=00322,00757,00102,00123&page=001;Hochfeder-10.djvu p 1 x 322 y 757 h 102 w 123;※ 0_Hochfeder-10_PT01_028.djvu 00004 (4) new
Hochfeder-10 001:00003  [1p];file:../../DjVu/Hochfeder-10.djvu?djvuopts=&highlight=00437,00758,00106,00118&page=001;Hochfeder-10.djvu p 1 x 437 y 758 h 106 w 118;※ 0_Hochfeder-10_PT01_028.djvu 00005 (5) new
Hochfeder-10 001:00004  [f];file:../../DjVu/Hochfeder-10.djvu?djvuopts=&highlight=00559,00766,00094,00119&page=001;Hochfeder-10.djvu p 1 x 559 y 766 h 94 w 119;※ 0_Hochfeder-10_PT01_028.djvu 00006 (6) new
Hochfeder-10 001:00005  [$];file:../../DjVu/Hochfeder-10.djvu?djvuopts=&highlight=00676,00754,00123,00157&page=001;Hochfeder-10.djvu p 1 x 676 y 754 h 123 w 157;※ 0_Hochfeder-10_PT01_028.djvu 00007 (7) new
Hochfeder-10 001:00006  [?5];file:../../DjVu/Hochfeder-10.djvu?djvuopts=&highlight=00812,00765,00111,00128&page=001;Hochfeder-10.djvu p 1 x 812 y 765 h 111 w 128;※ 0_Hochfeder-10_PT01_028.djvu 00008 (8) new
Hochfeder-10 001:00007  [!];file:../../DjVu/Hochfeder-10.djvu?djvuopts=&highlight=00955,00772,00027,00112&page=001;Hochfeder-10.djvu p 1 x 955 y 772 h 27 w 112;※ 0_Hochfeder-10_PT01_028.djvu 00009 (9) new
Hochfeder-10 001:00008  [D];file:../../DjVu/Hochfeder-10.djvu?djvuopts=&highlight=00985,00772,00078,00114&page=001;Hochfeder-10.djvu p 1 x 985 y 772 h 78 w 114;※ 0_Hochfeder-10_PT01_028.djvu 00010 (10) new
Hochfeder-10 001:00009  [E];file:../../DjVu/Hochfeder-10.djvu?djvuopts=&highlight=01089,00757,00090,00147&page=001;Hochfeder-10.djvu p 1 x 1089 y 757 h 90 w 147;※ 0_Hochfeder-10_PT01_028.djvu 00011 (11) new
Hochfeder-10 001:00010  [K];file:../../DjVu/Hochfeder-10.djvu?djvuopts=&highlight=01211,00770,00110,00138&page=001;Hochfeder-10.djvu p 1 x 1211 y 770 h 110 w 138;※ 0_Hochfeder-10_PT01_028.djvu 00012 (12) new
Hochfeder-10 001:00011  [Ih];file:../../DjVu/Hochfeder-10.djvu?djvuopts=&highlight=01357,00772,00120,00133&page=001;Hochfeder-10.djvu p 1 x 1357 y 772 h 120 w 133;※ 0_Hochfeder-10_PT01_028.djvu 00013 (13) new
Hochfeder-10 001:00012  [Y];file:../../DjVu/Hochfeder-10.djvu?djvuopts=&highlight=01506,00777,00109,00131&page=001;Hochfeder-10.djvu p 1 x 1506 y 777 h 109 w 131;※ 0_Hochfeder-10_PT01_028.djvu 00014 (14) new
Hochfeder-10 001:00013  [|];file:../../DjVu/Hochfeder-10.djvu?djvuopts=&highlight=01558,00847,00001,00003&page=001;Hochfeder-10.djvu p 1 x 1558 y 847 h 1 w 3;※ 0_Hochfeder-10_PT01_028.djvu 00015 (15) new
Hochfeder-10 001:00014  [JA];file:../../DjVu/Hochfeder-10.djvu?djvuopts=&highlight=01646,00773,00146,00140&page=001;Hochfeder-10.djvu p 1 x 1646 y 773 h 146 w 140;※ 0_Hochfeder-10_PT01_028.djvu 00016 (16) new
Hochfeder-10 001:00015  [b.];file:../../DjVu/Hochfeder-10.djvu?djvuopts=&highlight=01782,00778,00089,00128&page=001;Hochfeder-10.djvu p 1 x 1782 y 778 h 89 w 128;※ 0_Hochfeder-10_PT01_028.djvu 00017 (17) new
Hochfeder-10 001:00016  [Tl];file:../../DjVu/Hochfeder-10.djvu?djvuopts=&highlight=01887,00787,00127,00114&page=001;Hochfeder-10.djvu p 1 x 1887 y 787 h 127 w 114;※ 0_Hochfeder-10_PT01_028.djvu 00018 (18) new
Hochfeder-10 001:00017  [cg];file:../../DjVu/Hochfeder-10.djvu?djvuopts=&highlight=01927,00868,00003,00002&page=001;Hochfeder-10.djvu p 1 x 1927 y 868 h 3 w 2;※ 0_Hochfeder-10_PT01_028.djvu 00019 (19) new
Hochfeder-10 001:00018  [Q];file:../../DjVu/Hochfeder-10.djvu?djvuopts=&highlight=02051,00787,00126,00118&page=001;Hochfeder-10.djvu p 1 x 2051 y 787 h 126 w 118;※ 0_Hochfeder-10_PT01_028.djvu 00020 (20) new
Hochfeder-10 001:00019  [Mir];file:../../DjVu/Hochfeder-10.djvu?djvuopts=&highlight=02086,00844,00007,00005&page=001;Hochfeder-10.djvu p 1 x 2086 y 844 h 7 w 5;※ 0_Hochfeder-10_PT01_028.djvu 00021 (21) new
Hochfeder-10 001:00020  [r];file:../../DjVu/Hochfeder-10.djvu?djvuopts=&highlight=02090,00847,00008,00011&page=001;Hochfeder-10.djvu p 1 x 2090 y 847 h 8 w 11;※ 0_Hochfeder-10_PT01_028.djvu 00022 (22) new
Hochfeder-10 001:00021  [".];file:../../DjVu/Hochfeder-10.djvu?djvuopts=&highlight=02096,00857,00003,00004&page=001;Hochfeder-10.djvu p 1 x 2096 y 857 h 3 w 4;※ 0_Hochfeder-10_PT01_028.djvu 00023 (23) new
Hochfeder-10 001:00022  [2];file:../../DjVu/Hochfeder-10.djvu?djvuopts=&highlight=02113,00835,00008,00007&page=001;Hochfeder-10.djvu p 1 x 2113 y 835 h 8 w 7;※ 0_Hochfeder-10_PT01_028.djvu 00024 (24) new
Hochfeder-10 001:00017  [2];file:../../DjVu/Hochfeder-10.djvu?djvuopts=&highlight=02139,00865,00002,00003&page=001;Hochfeder-10.djvu p 1 x 2139 y 865 h 2 w 3;※ 0_Hochfeder-10_PT01_028.djvu 00025 (25) copy
Hochfeder-10 001:00023  [f5];file:../../DjVu/Hochfeder-10.djvu?djvuopts=&highlight=02209,00790,00121,00134&page=001;Hochfeder-10.djvu p 1 x 2209 y 790 h 121 w 134;※ 0_Hochfeder-10_PT01_028.djvu 00026 (26) new
Hochfeder-10 001:00024  [£A];file:../../DjVu/Hochfeder-10.djvu?djvuopts=&highlight=02355,00785,00137,00125&page=001;Hochfeder-10.djvu p 1 x 2355 y 785 h 137 w 125;※ 0_Hochfeder-10_PT01_028.djvu 00027 (27) new
Hochfeder-10 001:00025  [e];file:../../DjVu/Hochfeder-10.djvu?djvuopts=&highlight=02522,00784,00212,00143&page=001;Hochfeder-10.djvu p 1 x 2522 y 784 h 212 w 143;※ 0_Hochfeder-10_PT01_028.djvu 00028 (28) new
Hochfeder-10 001:00026  ['K];file:../../DjVu/Hochfeder-10.djvu?djvuopts=&highlight=02764,00793,00138,00132&page=001;Hochfeder-10.djvu p 1 x 2764 y 793 h 138 w 132;※ 0_Hochfeder-10_PT01_028.djvu 00029 (29) new
Hochfeder-10 001:00027  [C^];file:../../DjVu/Hochfeder-10.djvu?djvuopts=&highlight=02925,00798,00130,00122&page=001;Hochfeder-10.djvu p 1 x 2925 y 798 h 130 w 122;※ 0_Hochfeder-10_PT01_028.djvu 00030 (30) new
Hochfeder-10 001:00028  [I];file:../../DjVu/Hochfeder-10.djvu?djvuopts=&highlight=03090,00798,00099,00127&page=001;Hochfeder-10.djvu p 1 x 3090 y 798 h 99 w 127;※ 0_Hochfeder-10_PT01_028.djvu 00031 (31) new
Hochfeder-10 001:00029  [[9];file:../../DjVu/Hochfeder-10.djvu?djvuopts=&highlight=03206,00796,00139,00124&page=001;Hochfeder-10.djvu p 1 x 3206 y 796 h 139 w 124;※ 0_Hochfeder-10_PT01_028.djvu 00032 (32) new
Hochfeder-10 001:00030  [ü];file:../../DjVu/Hochfeder-10.djvu?djvuopts=&highlight=00043,00538,00058,00090&page=001;Hochfeder-10.djvu p 1 x 43 y 538 h 58 w 90;※ 0_Hochfeder-10_PT01_028.djvu 00033 (33) new
Hochfeder-10 001:00031  [a];file:../../DjVu/Hochfeder-10.djvu?djvuopts=&highlight=00140,00540,00071,00100&page=001;Hochfeder-10.djvu p 1 x 140 y 540 h 71 w 100;※ 0_Hochfeder-10_PT01_028.djvu 00034 (34) new
Hochfeder-10 001:00032  [];file:../../DjVu/Hochfeder-10.djvu?djvuopts=&highlight=00167,00650,00043,00023&page=001;Hochfeder-10.djvu p 1 x 167 y 650 h 43 w 23;※ 0_Hochfeder-10_PT01_028.djvu 00035 (35) new
Hochfeder-10 001:00033  [d];file:../../DjVu/Hochfeder-10.djvu?djvuopts=&highlight=00249,00542,00068,00094&page=001;Hochfeder-10.djvu p 1 x 249 y 542 h 68 w 94;※ 0_Hochfeder-10_PT01_028.djvu 00036 (36) new
Hochfeder-10 001:00034  [];file:../../DjVu/Hochfeder-10.djvu?djvuopts=&highlight=00272,00653,00013,00012&page=001;Hochfeder-10.djvu p 1 x 272 y 653 h 13 w 12;※ 0_Hochfeder-10_PT01_028.djvu 00037 (37) new
Hochfeder-10 001:00035  [];file:../../DjVu/Hochfeder-10.djvu?djvuopts=&highlight=00302,00655,00014,00015&page=001;Hochfeder-10.djvu p 1 x 302 y 655 h 14 w 15;※ 0_Hochfeder-10_PT01_028.djvu 00038 (38) add
Hochfeder-10 001:00013  [];file:../../DjVu/Hochfeder-10.djvu?djvuopts=&highlight=00309,00623,00003,00001&page=001;Hochfeder-10.djvu p 1 x 309 y 623 h 3 w 1;※ 0_Hochfeder-10_PT01_028.djvu 00039 (39) copy
Hochfeder-10 001:00036  [b];file:../../DjVu/Hochfeder-10.djvu?djvuopts=&highlight=00353,00538,00073,00123&page=001;Hochfeder-10.djvu p 1 x 353 y 538 h 73 w 123;※ 0_Hochfeder-10_PT01_028.djvu 00040 (40) new
Hochfeder-10 001:00037 [B5];file:../../DjVu/Hochfeder-10.djvu?djvuopts=&highlight=00451,00531,00075,00151&page=001;+Hochfeder-10.djvu p 1 x 451 y 531 h 75 w 151;※ 0_Hochfeder-10_PT01_028.djvu 00041 (41) new
Hochfeder-10 001:00038  [C];file:../../DjVu/Hochfeder-10.djvu?djvuopts=&highlight=00553,00543,00055,00100&page=001;Hochfeder-10.djvu p 1 x 553 y 543 h 55 w 100;※ 0_Hochfeder-10_PT01_028.djvu 00042 (42) new
Hochfeder-10 001:00039  [C];file:../../DjVu/Hochfeder-10.djvu?djvuopts=&highlight=00635,00537,00072,00135&page=001;Hochfeder-10.djvu p 1 x 635 y 537 h 72 w 135;※ 0_Hochfeder-10_PT01_028.djvu 00043 (43) new
Hochfeder-10 001:00040  [C];file:../../DjVu/Hochfeder-10.djvu?djvuopts=&highlight=00734,00535,00068,00104&page=001;Hochfeder-10.djvu p 1 x 734 y 535 h 68 w 104;※ 0_Hochfeder-10_PT01_028.djvu 00044 (44) new
Hochfeder-10 001:00041  [];file:../../DjVu/Hochfeder-10.djvu?djvuopts=&highlight=00747,00644,00055,00029&page=001;Hochfeder-10.djvu p 1 x 747 y 644 h 55 w 29;※ 0_Hochfeder-10_PT01_028.djvu 00045 (45) new
Hochfeder-10 001:00042  [Ó];file:../../DjVu/Hochfeder-10.djvu?djvuopts=&highlight=00835,00538,00081,00115&page=001;Hochfeder-10.djvu p 1 x 835 y 538 h 81 w 115;※ 0_Hochfeder-10_PT01_028.djvu 00046 (46) new
Hochfeder-10 001:00043 ["v];file:../../DjVu/Hochfeder-10.djvu?djvuopts=&highlight=00934,00539,00080,00126&page=001;+Hochfeder-10.djvu p 1 x 934 y 539 h 80 w 126;※ 0_Hochfeder-10_PT01_028.djvu 00047 (47) new
Hochfeder-10 001:00044  [€];file:../../DjVu/Hochfeder-10.djvu?djvuopts=&highlight=01041,00541,00062,00094&page=001;Hochfeder-10.djvu p 1 x 1041 y 541 h 62 w 94;※ 0_Hochfeder-10_PT01_028.djvu 00048 (48) new
Hochfeder-10 001:00045  [€];file:../../DjVu/Hochfeder-10.djvu?djvuopts=&highlight=01137,00581,00104,00066&page=001;Hochfeder-10.djvu p 1 x 1137 y 581 h 104 w 66;※ 0_Hochfeder-10_PT01_028.djvu 00049 (49) add
Hochfeder-10 001:00046  [];file:../../DjVu/Hochfeder-10.djvu?djvuopts=&highlight=01152,00660,00048,00024&page=001;Hochfeder-10.djvu p 1 x 1152 y 660 h 48 w 24;※ 0_Hochfeder-10_PT01_028.djvu 00050 (50) new
Hochfeder-10 001:00047  [f];file:../../DjVu/Hochfeder-10.djvu?djvuopts=&highlight=01242,00548,00059,00137&page=001;Hochfeder-10.djvu p 1 x 1242 y 548 h 59 w 137;※ 0_Hochfeder-10_PT01_028.djvu 00051 (51) new
Hochfeder-10 001:00048  [fF];file:../../DjVu/Hochfeder-10.djvu?djvuopts=&highlight=01331,00552,00111,00135&page=001;Hochfeder-10.djvu p 1 x 1331 y 552 h 111 w 135;※ 0_Hochfeder-10_PT01_028.djvu 00052 (52) new
Hochfeder-10 001:00049  [fi];file:../../DjVu/Hochfeder-10.djvu?djvuopts=&highlight=01472,00550,00088,00137&page=001;Hochfeder-10.djvu p 1 x 1472 y 550 h 88 w 137;※ 0_Hochfeder-10_PT01_028.djvu 00053 (53) new
Hochfeder-10 001:00050  [fl];file:../../DjVu/Hochfeder-10.djvu?djvuopts=&highlight=01598,00543,00087,00147&page=001;Hochfeder-10.djvu p 1 x 1598 y 543 h 87 w 147;※ 0_Hochfeder-10_PT01_028.djvu 00054 (54) new
Hochfeder-10 001:00013  [fl];file:../../DjVu/Hochfeder-10.djvu?djvuopts=&highlight=01625,00570,00003,00001&page=001;Hochfeder-10.djvu p 1 x 1625 y 570 h 3 w 1;※ 0_Hochfeder-10_PT01_028.djvu 00055 (55) copy
Hochfeder-10 001:00051  [6];file:../../DjVu/Hochfeder-10.djvu?djvuopts=&highlight=01723,00506,00074,00125&page=001;Hochfeder-10.djvu p 1 x 1723 y 506 h 74 w 125;※ 0_Hochfeder-10_PT01_028.djvu 00056 (56) new
Hochfeder-10 001:00052  [(];file:../../DjVu/Hochfeder-10.djvu?djvuopts=&highlight=01824,00544,00084,00094&page=001;Hochfeder-10.djvu p 1 x 1824 y 544 h 84 w 94;※ 0_Hochfeder-10_PT01_028.djvu 00057 (57) new
Hochfeder-10 001:00053  [J];file:../../DjVu/Hochfeder-10.djvu?djvuopts=&highlight=01836,00496,00078,00104&page=001;Hochfeder-10.djvu p 1 x 1836 y 496 h 78 w 104;※ 0_Hochfeder-10_PT01_028.djvu 00058 (58) new
Hochfeder-10 001:00054  [];file:../../DjVu/Hochfeder-10.djvu?djvuopts=&highlight=01860,00653,00049,00036&page=001;Hochfeder-10.djvu p 1 x 1860 y 653 h 49 w 36;※ 0_Hochfeder-10_PT01_028.djvu 00059 (59) new
Hochfeder-10 001:00055  [$9,];file:../../DjVu/Hochfeder-10.djvu?djvuopts=&highlight=01950,00551,00079,00121&page=001;Hochfeder-10.djvu p 1 x 1950 y 551 h 79 w 121;※ 0_Hochfeder-10_PT01_028.djvu 00060 (60) new
Hochfeder-10 001:00056 [H];file:../../DjVu/Hochfeder-10.djvu?djvuopts=&highlight=02052,00547,00088,00140&page=001;+Hochfeder-10.djvu p 1 x 2052 y 547 h 88 w 140;※ 0_Hochfeder-10_PT01_028.djvu 00061 (61) new
Hochfeder-10 001:00057 [D];file:../../DjVu/Hochfeder-10.djvu?djvuopts=&highlight=02167,00555,00079,00144&page=001;+Hochfeder-10.djvu p 1 x 2167 y 555 h 79 w 144;※ 0_Hochfeder-10_PT01_028.djvu 00062 (62) new
Hochfeder-10 001:00058  [l];file:../../DjVu/Hochfeder-10.djvu?djvuopts=&highlight=02289,00564,00035,00098&page=001;Hochfeder-10.djvu p 1 x 2289 y 564 h 35 w 98;※ 0_Hochfeder-10_PT01_028.djvu 00063 (63) new
Hochfeder-10 001:00059  [l];file:../../DjVu/Hochfeder-10.djvu?djvuopts=&highlight=02364,00558,00042,00097&page=001;Hochfeder-10.djvu p 1 x 2364 y 558 h 42 w 97;※ 0_Hochfeder-10_PT01_028.djvu 00064 (64) new
Hochfeder-10 001:00060  [];file:../../DjVu/Hochfeder-10.djvu?djvuopts=&highlight=02383,00667,00019,00022&page=001;Hochfeder-10.djvu p 1 x 2383 y 667 h 19 w 22;※ 0_Hochfeder-10_PT01_028.djvu 00065 (65) new
Hochfeder-10 001:00061  [];file:../../DjVu/Hochfeder-10.djvu?djvuopts=&highlight=02448,00559,00033,00101&page=001;Hochfeder-10.djvu p 1 x 2448 y 559 h 33 w 101;※ 0_Hochfeder-10_PT01_028.djvu 00066 (66) new
Hochfeder-10 001:00062  [];file:../../DjVu/Hochfeder-10.djvu?djvuopts=&highlight=02453,00672,00037,00024&page=001;Hochfeder-10.djvu p 1 x 2453 y 672 h 37 w 24;※ 0_Hochfeder-10_PT01_028.djvu 00067 (67) new
Hochfeder-10 001:00063  [l];file:../../DjVu/Hochfeder-10.djvu?djvuopts=&highlight=02518,00559,00045,00095&page=001;Hochfeder-10.djvu p 1 x 2518 y 559 h 45 w 95;※ 0_Hochfeder-10_PT01_028.djvu 00068 (68) new
Hochfeder-10 001:00064  [»];file:../../DjVu/Hochfeder-10.djvu?djvuopts=&highlight=02531,00672,00011,00015&page=001;Hochfeder-10.djvu p 1 x 2531 y 672 h 11 w 15;※ 0_Hochfeder-10_PT01_028.djvu 00069 (69) new
Hochfeder-10 001:00065  [];file:../../DjVu/Hochfeder-10.djvu?djvuopts=&highlight=02561,00667,00015,00017&page=001;Hochfeder-10.djvu p 1 x 2561 y 667 h 15 w 17;※ 0_Hochfeder-10_PT01_028.djvu 00070 (70) new
Hochfeder-10 001:00066  [|];file:../../DjVu/Hochfeder-10.djvu?djvuopts=&highlight=02605,00534,00033,00116&page=001;Hochfeder-10.djvu p 1 x 2605 y 534 h 33 w 116;※ 0_Hochfeder-10_PT01_028.djvu 00071 (71) new
Hochfeder-10 001:00067  [];file:../../DjVu/Hochfeder-10.djvu?djvuopts=&highlight=02634,00657,00022,00022&page=001;Hochfeder-10.djvu p 1 x 2634 y 657 h 22 w 22;※ 0_Hochfeder-10_PT01_028.djvu 00072 (72) new
Hochfeder-10 001:00068  [Ix];file:../../DjVu/Hochfeder-10.djvu?djvuopts=&highlight=02706,00562,00087,00135&page=001;Hochfeder-10.djvu p 1 x 2706 y 562 h 87 w 135;※ 0_Hochfeder-10_PT01_028.djvu 00073 (73) new
Hochfeder-10 001:00069  [l];file:../../DjVu/Hochfeder-10.djvu?djvuopts=&highlight=02834,00553,00040,00132&page=001;Hochfeder-10.djvu p 1 x 2834 y 553 h 40 w 132;※ 0_Hochfeder-10_PT01_028.djvu 00074 (74) new
Hochfeder-10 001:00070 [LU];file:../../DjVu/Hochfeder-10.djvu?djvuopts=&highlight=02918,00562,00068,00137&page=001;+Hochfeder-10.djvu p 1 x 2918 y 562 h 68 w 137;※ 0_Hochfeder-10_PT01_028.djvu 00075 (75) new
Hochfeder-10 001:00071  [Jn];file:../../DjVu/Hochfeder-10.djvu?djvuopts=&highlight=03034,00563,00138,00108&page=001;Hochfeder-10.djvu p 1 x 3034 y 563 h 138 w 108;※ 0_Hochfeder-10_PT01_028.djvu 00076 (76) new
Hochfeder-10 001:00072  [nn];file:../../DjVu/Hochfeder-10.djvu?djvuopts=&highlight=03232,00570,00119,00102&page=001;Hochfeder-10.djvu p 1 x 3232 y 570 h 119 w 102;※ 0_Hochfeder-10_PT01_028.djvu 00077 (77) new
Hochfeder-10 001:00073  [AR];file:../../DjVu/Hochfeder-10.djvu?djvuopts=&highlight=03257,00682,00070,00022&page=001;Hochfeder-10.djvu p 1 x 3257 y 682 h 70 w 22;※ 0_Hochfeder-10_PT01_028.djvu 00078 (78) new
Hochfeder-10 001:00074  [f];file:../../DjVu/Hochfeder-10.djvu?djvuopts=&highlight=00036,00323,00034,00097&page=001;Hochfeder-10.djvu p 1 x 36 y 323 h 34 w 97;※ 0_Hochfeder-10_PT01_028.djvu 00079 (79) new
Hochfeder-10 001:00075  [f];file:../../DjVu/Hochfeder-10.djvu?djvuopts=&highlight=00081,00389,00099,00032&page=001;Hochfeder-10.djvu p 1 x 81 y 389 h 99 w 32;※ 0_Hochfeder-10_PT01_028.djvu 00080 (80) add
Hochfeder-10 001:00076  [n];file:../../DjVu/Hochfeder-10.djvu?djvuopts=&highlight=00141,00327,00071,00100&page=001;Hochfeder-10.djvu p 1 x 141 y 327 h 71 w 100;※ 0_Hochfeder-10_PT01_028.djvu 00081 (81) new
Hochfeder-10 001:00077  [AP];file:../../DjVu/Hochfeder-10.djvu?djvuopts=&highlight=00158,00440,00060,00028&page=001;Hochfeder-10.djvu p 1 x 158 y 440 h 60 w 28;※ 0_Hochfeder-10_PT01_028.djvu 00082 (82) new
Hochfeder-10 001:00078  [O];file:../../DjVu/Hochfeder-10.djvu?djvuopts=&highlight=00256,00324,00073,00095&page=001;Hochfeder-10.djvu p 1 x 256 y 324 h 73 w 95;※ 0_Hochfeder-10_PT01_028.djvu 00083 (83) new
Hochfeder-10 001:00079  [O];file:../../DjVu/Hochfeder-10.djvu?djvuopts=&highlight=00367,00348,00094,00072&page=001;Hochfeder-10.djvu p 1 x 367 y 348 h 94 w 72;※ 0_Hochfeder-10_PT01_028.djvu 00084 (84) add
Hochfeder-10 001:00080  [O];file:../../DjVu/Hochfeder-10.djvu?djvuopts=&highlight=00392,00416,00022,00046&page=001;Hochfeder-10.djvu p 1 x 392 y 416 h 22 w 46;※ 0_Hochfeder-10_PT01_028.djvu 00085 (85) add
Hochfeder-10 001:00081  [D];file:../../DjVu/Hochfeder-10.djvu?djvuopts=&highlight=00471,00294,00076,00124&page=001;Hochfeder-10.djvu p 1 x 471 y 294 h 76 w 124;※ 0_Hochfeder-10_PT01_028.djvu 00086 (86) new
Hochfeder-10 001:00082  [D];file:../../DjVu/Hochfeder-10.djvu?djvuopts=&highlight=00583,00290,00074,00120&page=001;Hochfeder-10.djvu p 1 x 583 y 290 h 74 w 120;※ 0_Hochfeder-10_PT01_028.djvu 00087 (87) new
Hochfeder-10 001:00083  [];file:../../DjVu/Hochfeder-10.djvu?djvuopts=&highlight=00609,00427,00035,00019&page=001;Hochfeder-10.djvu p 1 x 609 y 427 h 35 w 19;※ 0_Hochfeder-10_PT01_028.djvu 00088 (88) new
Hochfeder-10 001:00084  [D];file:../../DjVu/Hochfeder-10.djvu?djvuopts=&highlight=00694,00288,00082,00128&page=001;Hochfeder-10.djvu p 1 x 694 y 288 h 82 w 128;※ 0_Hochfeder-10_PT01_028.djvu 00089 (89) new
Hochfeder-10 001:00085  [Za];file:../../DjVu/Hochfeder-10.djvu?djvuopts=&highlight=00715,00429,00050,00031&page=001;Hochfeder-10.djvu p 1 x 715 y 429 h 50 w 31;※ 0_Hochfeder-10_PT01_028.djvu 00090 (90) new
Hochfeder-10 001:00086  [D];file:../../DjVu/Hochfeder-10.djvu?djvuopts=&highlight=00812,00294,00086,00127&page=001;Hochfeder-10.djvu p 1 x 812 y 294 h 86 w 127;※ 0_Hochfeder-10_PT01_028.djvu 00091 (91) new
Hochfeder-10 001:00087  [];file:../../DjVu/Hochfeder-10.djvu?djvuopts=&highlight=00861,00429,00030,00028&page=001;Hochfeder-10.djvu p 1 x 861 y 429 h 30 w 28;※ 0_Hochfeder-10_PT01_028.djvu 00092 (92) new
Hochfeder-10 001:00088  [D];file:../../DjVu/Hochfeder-10.djvu?djvuopts=&highlight=00931,00281,00089,00129&page=001;Hochfeder-10.djvu p 1 x 931 y 281 h 89 w 129;※ 0_Hochfeder-10_PT01_028.djvu 00093 (93) new
Hochfeder-10 001:00089  [];file:../../DjVu/Hochfeder-10.djvu?djvuopts=&highlight=00939,00425,00075,00026&page=001;Hochfeder-10.djvu p 1 x 939 y 425 h 75 w 26;※ 0_Hochfeder-10_PT01_028.djvu 00094 (94) new
Hochfeder-10 001:00090 [D];file:../../DjVu/Hochfeder-10.djvu?djvuopts=&highlight=01044,00288,00123,00141&page=001;+Hochfeder-10.djvu p 1 x 1044 y 288 h 123 w 141;※ 0_Hochfeder-10_PT01_028.djvu 00095 (95) new
Hochfeder-10 001:00091 [D];file:../../DjVu/Hochfeder-10.djvu?djvuopts=&highlight=01201,00287,00090,00133&page=001;+Hochfeder-10.djvu p 1 x 1201 y 287 h 90 w 133;※ 0_Hochfeder-10_PT01_028.djvu 00096 (96) new
Hochfeder-10 001:00092  [Q];file:../../DjVu/Hochfeder-10.djvu?djvuopts=&highlight=01323,00295,00080,00130&page=001;Hochfeder-10.djvu p 1 x 1323 y 295 h 80 w 130;※ 0_Hochfeder-10_PT01_028.djvu 00097 (97) new
Hochfeder-10 001:00093  [(];file:../../DjVu/Hochfeder-10.djvu?djvuopts=&highlight=01434,00299,00078,00115&page=001;Hochfeder-10.djvu p 1 x 1434 y 299 h 78 w 115;※ 0_Hochfeder-10_PT01_028.djvu 00098 (98) new
Hochfeder-10 001:00094  [(];file:../../DjVu/Hochfeder-10.djvu?djvuopts=&highlight=01461,00414,00024,00041&page=001;Hochfeder-10.djvu p 1 x 1461 y 414 h 24 w 41;※ 0_Hochfeder-10_PT01_028.djvu 00099 (99) add
Hochfeder-10 001:00095  [Q];file:../../DjVu/Hochfeder-10.djvu?djvuopts=&highlight=01544,00305,00080,00118&page=001;Hochfeder-10.djvu p 1 x 1544 y 305 h 80 w 118;※ 0_Hochfeder-10_PT01_028.djvu 00100 (100) new
Hochfeder-10 001:00096  [Ll];file:../../DjVu/Hochfeder-10.djvu?djvuopts=&highlight=01581,00429,00026,00029&page=001;Hochfeder-10.djvu p 1 x 1581 y 429 h 26 w 29;※ 0_Hochfeder-10_PT01_028.djvu 00101 (101) new
Hochfeder-10 001:00097  [Ll];file:../../DjVu/Hochfeder-10.djvu?djvuopts=&highlight=01658,00338,00115,00078&page=001;Hochfeder-10.djvu p 1 x 1658 y 338 h 115 w 78;※ 0_Hochfeder-10_PT01_028.djvu 00102 (102) add
Hochfeder-10 001:00098  [Ub];file:../../DjVu/Hochfeder-10.djvu?djvuopts=&highlight=01667,00431,00062,00026&page=001;Hochfeder-10.djvu p 1 x 1667 y 431 h 62 w 26;※ 0_Hochfeder-10_PT01_028.djvu 00103 (103) new
Hochfeder-10 001:00099  [d];file:../../DjVu/Hochfeder-10.djvu?djvuopts=&highlight=01760,00286,00083,00173&page=001;Hochfeder-10.djvu p 1 x 1760 y 286 h 83 w 173;※ 0_Hochfeder-10_PT01_028.djvu 00104 (104) new
Hochfeder-10 001:00100 [(op];file:../../DjVu/Hochfeder-10.djvu?djvuopts=&highlight=01882,00287,00132,00131&page=001;+Hochfeder-10.djvu p 1 x 1882 y 287 h 132 w 131;※ 0_Hochfeder-10_PT01_028.djvu 00105 (105) new
Hochfeder-10 001:00101 [(p];file:../../DjVu/Hochfeder-10.djvu?djvuopts=&highlight=02039,00282,00131,00143&page=001;+^Hochfeder-10.djvu p 1 x 2039 y 282 h 131 w 143;※ 0_Hochfeder-10_PT01_028.djvu 00106 (106) new
Hochfeder-10 001:00102  [nunt];file:../../DjVu/Hochfeder-10.djvu?djvuopts=&highlight=02060,00433,00102,00035&page=001;Hochfeder-10.djvu p 1 x 2060 y 433 h 102 w 35;※ 0_Hochfeder-10_PT01_028.djvu 00107 (107) new
Hochfeder-10 001:00103 [(B];file:../../DjVu/Hochfeder-10.djvu?djvuopts=&highlight=02194,00289,00146,00142&page=001;+Hochfeder-10.djvu p 1 x 2194 y 289 h 146 w 142;※ 0_Hochfeder-10_PT01_028.djvu 00108 (108) new
Hochfeder-10 001:00104 [(p];file:../../DjVu/Hochfeder-10.djvu?djvuopts=&highlight=02387,00286,00138,00144&page=001;+^Hochfeder-10.djvu p 1 x 2387 y 286 h 138 w 144;※ 0_Hochfeder-10_PT01_028.djvu 00109 (109) new
Hochfeder-10 001:00105  [€];file:../../DjVu/Hochfeder-10.djvu?djvuopts=&highlight=02436,00437,00046,00043&page=001;Hochfeder-10.djvu p 1 x 2436 y 437 h 46 w 43;※ 0_Hochfeder-10_PT01_028.djvu 00110 (110) new
Hochfeder-10 001:00106 [(p];file:../../DjVu/Hochfeder-10.djvu?djvuopts=&highlight=02556,00299,00125,00136&page=001;+Hochfeder-10.djvu p 1 x 2556 y 299 h 125 w 136;※ 0_Hochfeder-10_PT01_028.djvu 00111 (111) new
Hochfeder-10 001:00107  [r];file:../../DjVu/Hochfeder-10.djvu?djvuopts=&highlight=02710,00340,00054,00087&page=001;Hochfeder-10.djvu p 1 x 2710 y 340 h 54 w 87;※ 0_Hochfeder-10_PT01_028.djvu 00112 (112) new
Hochfeder-10 001:00108 [r];file:../../DjVu/Hochfeder-10.djvu?djvuopts=&highlight=02796,00332,00067,00146&page=001;+Hochfeder-10.djvu p 1 x 2796 y 332 h 67 w 146;※ 0_Hochfeder-10_PT01_028.djvu 00113 (113) new
Hochfeder-10 001:00109  [Q];file:../../DjVu/Hochfeder-10.djvu?djvuopts=&highlight=02900,00337,00047,00105&page=001;Hochfeder-10.djvu p 1 x 2900 y 337 h 47 w 105;※ 0_Hochfeder-10_PT01_028.djvu 00114 (114) new
Hochfeder-10 001:00110  [is.];file:../../DjVu/Hochfeder-10.djvu?djvuopts=&highlight=02993,00329,00084,00101&page=001;Hochfeder-10.djvu p 1 x 2993 y 329 h 84 w 101;※ 0_Hochfeder-10_PT01_028.djvu 00115 (115) new
Hochfeder-10 001:00111  [»"];file:../../DjVu/Hochfeder-10.djvu?djvuopts=&highlight=03031,00383,00004,00002&page=001;Hochfeder-10.djvu p 1 x 3031 y 383 h 4 w 2;※ 0_Hochfeder-10_PT01_028.djvu 00116 (116) new
Hochfeder-10 001:00112  [|];file:../../DjVu/Hochfeder-10.djvu?djvuopts=&highlight=03122,00338,00066,00137&page=001;Hochfeder-10.djvu p 1 x 3122 y 338 h 66 w 137;※ 0_Hochfeder-10_PT01_028.djvu 00117 (117) new
Hochfeder-10 001:00113 [(U];file:../../DjVu/Hochfeder-10.djvu?djvuopts=&highlight=03226,00338,00147,00149&page=001;+Hochfeder-10.djvu p 1 x 3226 y 338 h 147 w 149;※ 0_Hochfeder-10_PT01_028.djvu 00118 (118) new
Hochfeder-10 001:00114  [AD];file:../../DjVu/Hochfeder-10.djvu?djvuopts=&highlight=01242,00292,00051,00028&page=001;Hochfeder-10.djvu p 1 x 1242 y 292 h 51 w 28;※ 0_Hochfeder-10_PT01_028.djvu 00119 (119) new
Hochfeder-10 001:00115  [fi];file:../../DjVu/Hochfeder-10.djvu?djvuopts=&highlight=00018,00105,00074,00137&page=001;Hochfeder-10.djvu p 1 x 18 y 105 h 74 w 137;※ 0_Hochfeder-10_PT01_028.djvu 00120 (120) new
Hochfeder-10 001:00116  [(T];file:../../DjVu/Hochfeder-10.djvu?djvuopts=&highlight=00120,00102,00108,00137&page=001;Hochfeder-10.djvu p 1 x 120 y 102 h 108 w 137;※ 0_Hochfeder-10_PT01_028.djvu 00121 (121) new
Hochfeder-10 001:00117  [P];file:../../DjVu/Hochfeder-10.djvu?djvuopts=&highlight=00122,00158,00002,00003&page=001;Hochfeder-10.djvu p 1 x 122 y 158 h 2 w 3;※ 0_Hochfeder-10_PT01_028.djvu 00122 (122) new
Hochfeder-10 001:00013  [P];file:../../DjVu/Hochfeder-10.djvu?djvuopts=&highlight=00164,00167,00003,00001&page=001;Hochfeder-10.djvu p 1 x 164 y 167 h 3 w 1;※ 0_Hochfeder-10_PT01_028.djvu 00123 (123) copy
Hochfeder-10 001:00118  [(T];file:../../DjVu/Hochfeder-10.djvu?djvuopts=&highlight=00248,00105,00113,00130&page=001;Hochfeder-10.djvu p 1 x 248 y 105 h 113 w 130;※ 0_Hochfeder-10_PT01_028.djvu 00124 (124) new
Hochfeder-10 001:00119  [];file:../../DjVu/Hochfeder-10.djvu?djvuopts=&highlight=00327,00103,00027,00091&page=001;Hochfeder-10.djvu p 1 x 327 y 103 h 27 w 91;※ 0_Hochfeder-10_PT01_028.djvu 00125 (125) new
Hochfeder-10 001:00013  [];file:../../DjVu/Hochfeder-10.djvu?djvuopts=&highlight=00333,00159,00003,00001&page=001;Hochfeder-10.djvu p 1 x 333 y 159 h 3 w 1;※ 0_Hochfeder-10_PT01_028.djvu 00126 (126) copy
Hochfeder-10 001:00120  [(t];file:../../DjVu/Hochfeder-10.djvu?djvuopts=&highlight=00400,00101,00100,00149&page=001;Hochfeder-10.djvu p 1 x 400 y 101 h 100 w 149;※ 0_Hochfeder-10_PT01_028.djvu 00127 (127) new
Hochfeder-10 001:00121 [1];file:../../DjVu/Hochfeder-10.djvu?djvuopts=&highlight=00537,00100,00041,00120&page=001;+#Hochfeder-10.djvu p 1 x 537 y 100 h 41 w 120;※ 0_Hochfeder-10_PT01_028.djvu 00128 (128) new
Hochfeder-10 001:00122  [^A];file:../../DjVu/Hochfeder-10.djvu?djvuopts=&highlight=00564,00213,00036,00018&page=001;Hochfeder-10.djvu p 1 x 564 y 213 h 36 w 18;※ 0_Hochfeder-10_PT01_028.djvu 00129 (129) new
Hochfeder-10 001:00123  [^A];file:../../DjVu/Hochfeder-10.djvu?djvuopts=&highlight=00567,00181,00001,00003&page=001;Hochfeder-10.djvu p 1 x 567 y 181 h 1 w 3;※ 0_Hochfeder-10_PT01_028.djvu 00130 (130) add
Hochfeder-10 001:00124  [,];file:../../DjVu/Hochfeder-10.djvu?djvuopts=&highlight=00571,00146,00027,00051&page=001;Hochfeder-10.djvu p 1 x 571 y 146 h 27 w 51;※ 0_Hochfeder-10_PT01_028.djvu 00131 (131) new
Hochfeder-10 001:00125  [(];file:../../DjVu/Hochfeder-10.djvu?djvuopts=&highlight=00627,00102,00045,00106&page=001;Hochfeder-10.djvu p 1 x 627 y 102 h 45 w 106;※ 0_Hochfeder-10_PT01_028.djvu 00132 (132) new
Hochfeder-10 001:00126  [f];file:../../DjVu/Hochfeder-10.djvu?djvuopts=&highlight=00706,00090,00061,00117&page=001;Hochfeder-10.djvu p 1 x 706 y 90 h 61 w 117;※ 0_Hochfeder-10_PT01_028.djvu 00133 (133) new
Hochfeder-10 001:00127  [»];file:../../DjVu/Hochfeder-10.djvu?djvuopts=&highlight=00737,00203,00037,00035&page=001;Hochfeder-10.djvu p 1 x 737 y 203 h 37 w 35;※ 0_Hochfeder-10_PT01_028.djvu 00134 (134) new
Hochfeder-10 001:00128  [F];file:../../DjVu/Hochfeder-10.djvu?djvuopts=&highlight=00805,00097,00091,00150&page=001;Hochfeder-10.djvu p 1 x 805 y 97 h 91 w 150;※ 0_Hochfeder-10_PT01_028.djvu 00135 (135) new
Hochfeder-10 001:00129  [Li];file:../../DjVu/Hochfeder-10.djvu?djvuopts=&highlight=00918,00097,00075,00100&page=001;Hochfeder-10.djvu p 1 x 918 y 97 h 75 w 100;※ 0_Hochfeder-10_PT01_028.djvu 00136 (136) new
Hochfeder-10 001:00130  [!];file:../../DjVu/Hochfeder-10.djvu?djvuopts=&highlight=01027,00097,00033,00105&page=001;Hochfeder-10.djvu p 1 x 1027 y 97 h 33 w 105;※ 0_Hochfeder-10_PT01_028.djvu 00137 (137) new
Hochfeder-10 001:00131  [a. cl];file:../../DjVu/Hochfeder-10.djvu?djvuopts=&highlight=01053,00207,00055,00029&page=001;Hochfeder-10.djvu p 1 x 1053 y 207 h 55 w 29;※ 0_Hochfeder-10_PT01_028.djvu 00138 (138) new
Hochfeder-10 001:00132  []];file:../../DjVu/Hochfeder-10.djvu?djvuopts=&highlight=01069,00096,00041,00110&page=001;Hochfeder-10.djvu p 1 x 1069 y 96 h 41 w 110;※ 0_Hochfeder-10_PT01_028.djvu 00139 (139) new
Hochfeder-10 001:00133  [1];file:../../DjVu/Hochfeder-10.djvu?djvuopts=&highlight=01154,00101,00048,00100&page=001;Hochfeder-10.djvu p 1 x 1154 y 101 h 48 w 100;※ 0_Hochfeder-10_PT01_028.djvu 00140 (140) new
Hochfeder-10 001:00134  [3];file:../../DjVu/Hochfeder-10.djvu?djvuopts=&highlight=01192,00146,00032,00060&page=001;Hochfeder-10.djvu p 1 x 1192 y 146 h 32 w 60;※ 0_Hochfeder-10_PT01_028.djvu 00141 (141) new
Hochfeder-10 001:00135 [Ó"];file:../../DjVu/Hochfeder-10.djvu?djvuopts=&highlight=01259,00099,00076,00106&page=001;+#Hochfeder-10.djvu p 1 x 1259 y 99 h 76 w 106;※ 0_Hochfeder-10_PT01_028.djvu 00142 (142) new
Hochfeder-10 001:00136  [];file:../../DjVu/Hochfeder-10.djvu?djvuopts=&highlight=01301,00200,00027,00037&page=001;Hochfeder-10.djvu p 1 x 1301 y 200 h 27 w 37;※ 0_Hochfeder-10_PT01_028.djvu 00143 (143) new
Hochfeder-10 001:00137  [J];file:../../DjVu/Hochfeder-10.djvu?djvuopts=&highlight=01324,00133,00035,00063&page=001;Hochfeder-10.djvu p 1 x 1324 y 133 h 35 w 63;※ 0_Hochfeder-10_PT01_028.djvu 00144 (144) new
Hochfeder-10 001:00138  [l];file:../../DjVu/Hochfeder-10.djvu?djvuopts=&highlight=01390,00105,00082,00112&page=001;Hochfeder-10.djvu p 1 x 1390 y 105 h 82 w 112;※ 0_Hochfeder-10_PT01_028.djvu 00145 (145) new
Hochfeder-10 001:00139  [l];file:../../DjVu/Hochfeder-10.djvu?djvuopts=&highlight=01506,00100,00080,00108&page=001;Hochfeder-10.djvu p 1 x 1506 y 100 h 80 w 108;※ 0_Hochfeder-10_PT01_028.djvu 00146 (146) new
Hochfeder-10 001:00140  [que];file:../../DjVu/Hochfeder-10.djvu?djvuopts=&highlight=01521,00215,00075,00034&page=001;Hochfeder-10.djvu p 1 x 1521 y 215 h 75 w 34;※ 0_Hochfeder-10_PT01_028.djvu 00147 (147) new
Hochfeder-10 001:00141  [p];file:../../DjVu/Hochfeder-10.djvu?djvuopts=&highlight=01637,00077,00075,00134&page=001;Hochfeder-10.djvu p 1 x 1637 y 77 h 75 w 134;※ 0_Hochfeder-10_PT01_028.djvu 00148 (148) new
Hochfeder-10 001:00142  [1];file:../../DjVu/Hochfeder-10.djvu?djvuopts=&highlight=01739,00069,00067,00139&page=001;Hochfeder-10.djvu p 1 x 1739 y 69 h 67 w 139;※ 0_Hochfeder-10_PT01_028.djvu 00149 (149) new
Hochfeder-10 001:00143 [*)];file:../../DjVu/Hochfeder-10.djvu?djvuopts=&highlight=02010,00083,00093,00117&page=001;+Hochfeder-10.djvu p 1 x 2010 y 83 h 93 w 117;※ 0_Hochfeder-10_PT01_028.djvu 00150 (150) new
Hochfeder-10 001:00144 [-];file:../../DjVu/Hochfeder-10.djvu?djvuopts=&highlight=02140,00062,00101,00135&page=001;+^Hochfeder-10.djvu p 1 x 2140 y 62 h 101 w 135;※ 0_Hochfeder-10_PT01_028.djvu 00151 (151) new
Hochfeder-10 001:00145  [duihb];file:../../DjVu/Hochfeder-10.djvu?djvuopts=&highlight=02147,00213,00076,00033&page=001;Hochfeder-10.djvu p 1 x 2147 y 213 h 76 w 33;※ 0_Hochfeder-10_PT01_028.djvu 00152 (152) new
Hochfeder-10 001:00146 [«t];file:../../DjVu/Hochfeder-10.djvu?djvuopts=&highlight=02281,00099,00071,00100&page=001;+Hochfeder-10.djvu p 1 x 2281 y 99 h 71 w 100;※ 0_Hochfeder-10_PT01_028.djvu 00153 (153) new
Hochfeder-10 001:00147 [(];file:../../DjVu/Hochfeder-10.djvu?djvuopts=&highlight=02404,00068,00041,00167&page=001;+Hochfeder-10.djvu p 1 x 2404 y 68 h 41 w 167;※ 0_Hochfeder-10_PT01_028.djvu 00154 (154) new
Hochfeder-10 001:00148 [Mi];file:../../DjVu/Hochfeder-10.djvu?djvuopts=&highlight=02497,00075,00098,00120&page=001;+Hochfeder-10.djvu p 1 x 2497 y 75 h 98 w 120;※ 0_Hochfeder-10_PT01_028.djvu 00155 (155) new
Hochfeder-10 001:00149 [J];file:../../DjVu/Hochfeder-10.djvu?djvuopts=&highlight=02633,00139,00063,00092&page=001;+#Hochfeder-10.djvu p 1 x 2633 y 139 h 63 w 92;※ 0_Hochfeder-10_PT01_028.djvu 00156 (156) new
Hochfeder-10 001:00150  [(];file:../../DjVu/Hochfeder-10.djvu?djvuopts=&highlight=02908,00076,00072,00165&page=001;Hochfeder-10.djvu p 1 x 2908 y 76 h 72 w 165;※ 0_Hochfeder-10_PT01_028.djvu 00157 (157) new
Hochfeder-10 001:00151  [)];file:../../DjVu/Hochfeder-10.djvu?djvuopts=&highlight=03050,00079,00073,00163&page=001;Hochfeder-10.djvu p 1 x 3050 y 79 h 73 w 163;※ 0_Hochfeder-10_PT01_028.djvu 00158 (158) new
Hochfeder-10 001:00152  [, í];file:../../DjVu/Hochfeder-10.djvu?djvuopts=&highlight=03168,00137,00057,00065&page=001;Hochfeder-10.djvu p 1 x 3168 y 137 h 57 w 65;※ 0_Hochfeder-10_PT01_028.djvu 00159 (159) new
Hochfeder-10 001:00153  [ü];file:../../DjVu/Hochfeder-10.djvu?djvuopts=&highlight=03175,00152,00002,00003&page=001;Hochfeder-10.djvu p 1 x 3175 y 152 h 2 w 3;※ 0_Hochfeder-10_PT01_028.djvu 00160 (160) new
Hochfeder-10 001:00154  [ó];file:../../DjVu/Hochfeder-10.djvu?djvuopts=&highlight=03266,00180,00026,00040&page=001;Hochfeder-10.djvu p 1 x 3266 y 180 h 26 w 40;※ 0_Hochfeder-10_PT01_028.djvu 00161 (161) new
Hochfeder-10 001:00155  [ó];file:../../DjVu/Hochfeder-10.djvu?djvuopts=&highlight=03270,00133,00040,00027&page=001;Hochfeder-10.djvu p 1 x 3270 y 133 h 40 w 27;※ 0_Hochfeder-10_PT01_028.djvu 00162 (162) add
Hochfeder-10 001:00156  [é];file:../../DjVu/Hochfeder-10.djvu?djvuopts=&highlight=03361,00109,00034,00049&page=001;Hochfeder-10.djvu p 1 x 3361 y 109 h 34 w 49;※ 0_Hochfeder-10_PT01_028.djvu 00163 (163) new
Hochfeder-10 001:00157  [EE];file:../../DjVu/Hochfeder-10.djvu?djvuopts=&highlight=00040,00133,00123,00065&page=001;Hochfeder-10.djvu p 1 x 40 y 133 h 123 w 65;※ 0_Hochfeder-10_PT01_028.djvu 00164 (164) new
Hochfeder-10 001:00158  [ME];file:../../DjVu/Hochfeder-10.djvu?djvuopts=&highlight=00303,00145,00276,00095&page=001;Hochfeder-10.djvu p 1 x 303 y 145 h 276 w 95;※ 0_Hochfeder-10_PT01_028.djvu 00165 (165) new
Hochfeder-10 001:00159  [m];file:../../DjVu/Hochfeder-10.djvu?djvuopts=&highlight=00868,00235,00001,00001&page=001;Hochfeder-10.djvu p 1 x 868 y 235 h 1 w 1;※ 0_Hochfeder-10_PT01_028.djvu 00166 (166) new
Hochfeder-10 001:00160  [mE];file:../../DjVu/Hochfeder-10.djvu?djvuopts=&highlight=01033,00148,00152,00142&page=001;Hochfeder-10.djvu p 1 x 1033 y 148 h 152 w 142;※ 0_Hochfeder-10_PT01_028.djvu 00167 (167) new
Hochfeder-10 001:00161  [mE];file:../../DjVu/Hochfeder-10.djvu?djvuopts=&highlight=01203,00118,00143,00080&page=001;Hochfeder-10.djvu p 1 x 1203 y 118 h 143 w 80;※ 0_Hochfeder-10_PT01_028.djvu 00168 (168) new
Hochfeder-10 001:00162  [E];file:../../DjVu/Hochfeder-10.djvu?djvuopts=&highlight=01556,00114,00117,00078&page=001;Hochfeder-10.djvu p 1 x 1556 y 114 h 117 w 78;※ 0_Hochfeder-10_PT01_028.djvu 00169 (169) new
Hochfeder-10 001:00163  [EE S];file:../../DjVu/Hochfeder-10.djvu?djvuopts=&highlight=01804,00094,00251,00026&page=001;Hochfeder-10.djvu p 1 x 1804 y 94 h 251 w 26;※ 0_Hochfeder-10_PT01_028.djvu 00170 (170) new
Hochfeder-10 001:00164  [EMEN];file:../../DjVu/Hochfeder-10.djvu?djvuopts=&highlight=02101,00060,00227,00076&page=001;Hochfeder-10.djvu p 1 x 2101 y 60 h 227 w 76;※ 0_Hochfeder-10_PT01_028.djvu 00171 (171) new
Hochfeder-10 001:00165  [EE];file:../../DjVu/Hochfeder-10.djvu?djvuopts=&highlight=02423,00110,00245,00093&page=001;Hochfeder-10.djvu p 1 x 2423 y 110 h 245 w 93;※ 0_Hochfeder-10_PT01_028.djvu 00172 (172) new
Hochfeder-10 001:00166  [m];file:../../DjVu/Hochfeder-10.djvu?djvuopts=&highlight=02964,00226,00001,00001&page=001;Hochfeder-10.djvu p 1 x 2964 y 226 h 1 w 1;※ 0_Hochfeder-10_PT01_028.djvu 00173 (173) new
Hochfeder-10 001:00167  [MEM];file:../../DjVu/Hochfeder-10.djvu?djvuopts=&highlight=03173,00120,00109,00032&page=001;Hochfeder-10.djvu p 1 x 3173 y 120 h 109 w 32;※ 0_Hochfeder-10_PT01_028.djvu 00174 (174) new
Hochfeder-10 001:00168  [H];file:../../DjVu/Hochfeder-10.djvu?djvuopts=&highlight=03391,00117,00001,00002&page=001;Hochfeder-10.djvu p 1 x 3391 y 117 h 1 w 2;※ 0_Hochfeder-10_PT01_028.djvu 00175 (175) new
Hochfeder-10 001:00169  [mE];file:../../DjVu/Hochfeder-10.djvu?djvuopts=&highlight=00073,00403,00201,00187&page=001;Hochfeder-10.djvu p 1 x 73 y 403 h 201 w 187;※ 0_Hochfeder-10_PT01_028.djvu 00176 (176) new
Hochfeder-10 001:00170  [o];file:../../DjVu/Hochfeder-10.djvu?djvuopts=&highlight=00353,00337,00238,00237&page=001;Hochfeder-10.djvu p 1 x 353 y 337 h 238 w 237;※ 0_Hochfeder-10_PT01_028.djvu 00177 (177) new
Hochfeder-10 001:00171  [mE];file:../../DjVu/Hochfeder-10.djvu?djvuopts=&highlight=00623,00319,00276,00254&page=001;Hochfeder-10.djvu p 1 x 623 y 319 h 276 w 254;※ 0_Hochfeder-10_PT01_028.djvu 00178 (178) new
Hochfeder-10 001:00172  [EE s AO];file:../../DjVu/Hochfeder-10.djvu?djvuopts=&highlight=00934,00315,00199,00014&page=001;Hochfeder-10.djvu p 1 x 934 y 315 h 199 w 14;※ 0_Hochfeder-10_PT01_028.djvu 00179 (179) new
Hochfeder-10 001:00173  [m];file:../../DjVu/Hochfeder-10.djvu?djvuopts=&highlight=01249,00353,00247,00199&page=001;Hochfeder-10.djvu p 1 x 1249 y 353 h 247 w 199;※ 0_Hochfeder-10_PT01_028.djvu 00180 (180) new
Hochfeder-10 001:00174  [(0];file:../../DjVu/Hochfeder-10.djvu?djvuopts=&highlight=01529,00301,00269,00296&page=001;Hochfeder-10.djvu p 1 x 1529 y 301 h 269 w 296;※ 0_Hochfeder-10_PT01_028.djvu 00181 (181) new
Hochfeder-10 001:00175  [NE];file:../../DjVu/Hochfeder-10.djvu?djvuopts=&highlight=01813,00331,00286,00244&page=001;Hochfeder-10.djvu p 1 x 1813 y 331 h 286 w 244;※ 0_Hochfeder-10_PT01_028.djvu 00182 (182) new
Hochfeder-10 001:00176  [B];file:../../DjVu/Hochfeder-10.djvu?djvuopts=&highlight=02149,00338,00148,00235&page=001;Hochfeder-10.djvu p 1 x 2149 y 338 h 148 w 235;※ 0_Hochfeder-10_PT01_028.djvu 00183 (183) new
Hochfeder-10 001:00177  [(];file:../../DjVu/Hochfeder-10.djvu?djvuopts=&highlight=02437,00363,00149,00198&page=001;Hochfeder-10.djvu p 1 x 2437 y 363 h 149 w 198;※ 0_Hochfeder-10_PT01_028.djvu 00184 (184) new
Hochfeder-10 001:00178  [MEM];file:../../DjVu/Hochfeder-10.djvu?djvuopts=&highlight=03013,00405,00147,00048&page=001;Hochfeder-10.djvu p 1 x 3013 y 405 h 147 w 48;※ 0_Hochfeder-10_PT01_028.djvu 00185 (185) new
Hochfeder-10 001:00179  [!];file:../../DjVu/Hochfeder-10.djvu?djvuopts=&highlight=03302,00361,00033,00113&page=001;Hochfeder-10.djvu p 1 x 3302 y 361 h 33 w 113;※ 0_Hochfeder-10_PT01_028.djvu 00186 (186) new
Hochfeder-10 001:00180  [v];file:../../DjVu/Hochfeder-10.djvu?djvuopts=&highlight=00054,00617,00205,00251&page=001;Hochfeder-10.djvu p 1 x 54 y 617 h 205 w 251;※ 0_Hochfeder-10_PT01_028.djvu 00187 (187) new
Hochfeder-10 001:00181  [mE];file:../../DjVu/Hochfeder-10.djvu?djvuopts=&highlight=00331,00609,00244,00225&page=001;Hochfeder-10.djvu p 1 x 331 y 609 h 244 w 225;※ 0_Hochfeder-10_PT01_028.djvu 00188 (188) new
Hochfeder-10 001:00182  [(];file:../../DjVu/Hochfeder-10.djvu?djvuopts=&highlight=00603,00610,00243,00276&page=001;Hochfeder-10.djvu p 1 x 603 y 610 h 243 w 276;※ 0_Hochfeder-10_PT01_028.djvu 00189 (189) new
Hochfeder-10 001:00183  [0];file:../../DjVu/Hochfeder-10.djvu?djvuopts=&highlight=00949,00609,00229,00222&page=001;Hochfeder-10.djvu p 1 x 949 y 609 h 229 w 222;※ 0_Hochfeder-10_PT01_028.djvu 00190 (190) new
Hochfeder-10 001:00184  [B];file:../../DjVu/Hochfeder-10.djvu?djvuopts=&highlight=01250,00645,00124,00210&page=001;Hochfeder-10.djvu p 1 x 1250 y 645 h 124 w 210;※ 0_Hochfeder-10_PT01_028.djvu 00191 (191) new
Hochfeder-10 001:00185  [0];file:../../DjVu/Hochfeder-10.djvu?djvuopts=&highlight=01509,00600,00283,00267&page=001;Hochfeder-10.djvu p 1 x 1509 y 600 h 283 w 267;※ 0_Hochfeder-10_PT01_028.djvu 00192 (192) new
Hochfeder-10 001:00186  [m];file:../../DjVu/Hochfeder-10.djvu?djvuopts=&highlight=01851,00601,00241,00199&page=001;Hochfeder-10.djvu p 1 x 1851 y 601 h 241 w 199;※ 0_Hochfeder-10_PT01_028.djvu 00193 (193) new
Hochfeder-10 001:00187  [MEE];file:../../DjVu/Hochfeder-10.djvu?djvuopts=&highlight=02100,00622,00133,00041&page=001;Hochfeder-10.djvu p 1 x 2100 y 622 h 133 w 41;※ 0_Hochfeder-10_PT01_028.djvu 00194 (194) new
Hochfeder-10 001:00188  [!];file:../../DjVu/Hochfeder-10.djvu?djvuopts=&highlight=02467,00654,00080,00220&page=001;Hochfeder-10.djvu p 1 x 2467 y 654 h 80 w 220;※ 0_Hochfeder-10_PT01_028.djvu 00195 (195) new
Hochfeder-10 001:00189  [0];file:../../DjVu/Hochfeder-10.djvu?djvuopts=&highlight=02759,00628,00225,00248&page=001;Hochfeder-10.djvu p 1 x 2759 y 628 h 225 w 248;※ 0_Hochfeder-10_PT01_028.djvu 00196 (196) new
Hochfeder-10 001:00190  [o];file:../../DjVu/Hochfeder-10.djvu?djvuopts=&highlight=03032,00621,00265,00274&page=001;Hochfeder-10.djvu p 1 x 3032 y 621 h 265 w 274;※ 0_Hochfeder-10_PT01_028.djvu 00197 (197) new
Hochfeder-10 001:00191  [|];file:../../DjVu/Hochfeder-10.djvu?djvuopts=&highlight=03300,00638,00018,00232&page=001;Hochfeder-10.djvu p 1 x 3300 y 638 h 18 w 232;※ 0_Hochfeder-10_PT01_028.djvu 00198 (198) new
Hochfeder-10 001:00192  [m];file:../../DjVu/Hochfeder-10.djvu?djvuopts=&highlight=02435,00907,00001,00001&page=001;Hochfeder-10.djvu p 1 x 2435 y 907 h 1 w 1;※ 0_Hochfeder-10_PT01_028.djvu 00199 (199) new
Hochfeder-10 001:00193  [m];file:../../DjVu/Hochfeder-10.djvu?djvuopts=&highlight=02806,00909,00001,00001&page=001;Hochfeder-10.djvu p 1 x 2806 y 909 h 1 w 1;※ 0_Hochfeder-10_PT01_028.djvu 00200 (200) new
Hochfeder-10 001:00193  [m];file:../../DjVu/Hochfeder-10.djvu?djvuopts=&highlight=02806,00909,00001,00001&page=001;Hochfeder-10.djvu p 1 x 2806 y 909 h 1 w 1;※ 0_Hochfeder-10_PT01_028.djvu 00201 (201) new
