Hochfeder-10 001:00037 [B5];file:../../DjVu/Hochfeder-10.djvu?djvuopts=&highlight=00451,00531,00075,00151&page=001;+Hochfeder-10.djvu p 1 x 451 y 531 h 75 w 151;※ 0_Hochfeder-10_PT01_028.djvu 00041 (41) new
Hochfeder-10 001:00056 [H];file:../../DjVu/Hochfeder-10.djvu?djvuopts=&highlight=02052,00547,00088,00140&page=001;+Hochfeder-10.djvu p 1 x 2052 y 547 h 88 w 140;※ 0_Hochfeder-10_PT01_028.djvu 00061 (61) new
Hochfeder-10 001:00057 [D];file:../../DjVu/Hochfeder-10.djvu?djvuopts=&highlight=02167,00555,00079,00144&page=001;+Hochfeder-10.djvu p 1 x 2167 y 555 h 79 w 144;※ 0_Hochfeder-10_PT01_028.djvu 00062 (62) new
Hochfeder-10 001:00070 [LU];file:../../DjVu/Hochfeder-10.djvu?djvuopts=&highlight=02918,00562,00068,00137&page=001;+Hochfeder-10.djvu p 1 x 2918 y 562 h 68 w 137;※ 0_Hochfeder-10_PT01_028.djvu 00075 (75) new
Hochfeder-10 001:00090 [D];file:../../DjVu/Hochfeder-10.djvu?djvuopts=&highlight=01044,00288,00123,00141&page=001;+Hochfeder-10.djvu p 1 x 1044 y 288 h 123 w 141;※ 0_Hochfeder-10_PT01_028.djvu 00095 (95) new
Hochfeder-10 001:00091 [D];file:../../DjVu/Hochfeder-10.djvu?djvuopts=&highlight=01201,00287,00090,00133&page=001;+Hochfeder-10.djvu p 1 x 1201 y 287 h 90 w 133;※ 0_Hochfeder-10_PT01_028.djvu 00096 (96) new
Hochfeder-10 001:00100 [(op];file:../../DjVu/Hochfeder-10.djvu?djvuopts=&highlight=01882,00287,00132,00131&page=001;+Hochfeder-10.djvu p 1 x 1882 y 287 h 132 w 131;※ 0_Hochfeder-10_PT01_028.djvu 00105 (105) new
Hochfeder-10 001:00101 [(p];file:../../DjVu/Hochfeder-10.djvu?djvuopts=&highlight=2038,270,154,210&page=1;+^Hochfeder-10.djvu p 1 x 2039 y 282 h 131 w 143;※ 0_Hochfeder-10_PT01_028.djvu 00106 (106) new
Hochfeder-10 001:00103 [(B];file:../../DjVu/Hochfeder-10.djvu?djvuopts=&highlight=02194,00289,00146,00142&page=001;+Hochfeder-10.djvu p 1 x 2194 y 289 h 146 w 142;※ 0_Hochfeder-10_PT01_028.djvu 00108 (108) new
Hochfeder-10 001:00104 [(p];file:../../DjVu/Hochfeder-10.djvu?djvuopts=&highlight=2378,264,162,222&page=1;+^Hochfeder-10.djvu p 1 x 2387 y 286 h 138 w 144;※ 0_Hochfeder-10_PT01_028.djvu 00109 (109) new
Hochfeder-10 001:00106 [(p];file:../../DjVu/Hochfeder-10.djvu?djvuopts=&highlight=02556,00299,00125,00136&page=001;+Hochfeder-10.djvu p 1 x 2556 y 299 h 125 w 136;※ 0_Hochfeder-10_PT01_028.djvu 00111 (111) new
Hochfeder-10 001:00108 [r];file:../../DjVu/Hochfeder-10.djvu?djvuopts=&highlight=02796,00332,00067,00146&page=001;+Hochfeder-10.djvu p 1 x 2796 y 332 h 67 w 146;※ 0_Hochfeder-10_PT01_028.djvu 00113 (113) new
Hochfeder-10 001:00113 [(U];file:../../DjVu/Hochfeder-10.djvu?djvuopts=&highlight=03226,00338,00147,00149&page=001;+Hochfeder-10.djvu p 1 x 3226 y 338 h 147 w 149;※ 0_Hochfeder-10_PT01_028.djvu 00118 (118) new
Hochfeder-10 001:00121 [1];file:../../DjVu/Hochfeder-10.djvu?djvuopts=&highlight=532,48,76,208&page=1;+#Hochfeder-10.djvu p 1 x 537 y 100 h 41 w 120;※ 0_Hochfeder-10_PT01_028.djvu 00128 (128) new
Hochfeder-10 001:00143 [*)];file:../../DjVu/Hochfeder-10.djvu?djvuopts=&highlight=02010,00083,00093,00117&page=001;+Hochfeder-10.djvu p 1 x 2010 y 83 h 93 w 117;※ 0_Hochfeder-10_PT01_028.djvu 00150 (150) new
Hochfeder-10 001:00144 [-];file:../../DjVu/Hochfeder-10.djvu?djvuopts=&highlight=2128,48,126,228&page=1;+^Hochfeder-10.djvu p 1 x 2140 y 62 h 101 w 135;※ 0_Hochfeder-10_PT01_028.djvu 00151 (151) new
Hochfeder-10 001:00146 [«t];file:../../DjVu/Hochfeder-10.djvu?djvuopts=&highlight=02281,00099,00071,00100&page=001;+Hochfeder-10.djvu p 1 x 2281 y 99 h 71 w 100;※ 0_Hochfeder-10_PT01_028.djvu 00153 (153) new
Hochfeder-10 001:00147 [(];file:../../DjVu/Hochfeder-10.djvu?djvuopts=&highlight=02404,00068,00041,00167&page=001;+Hochfeder-10.djvu p 1 x 2404 y 68 h 41 w 167;※ 0_Hochfeder-10_PT01_028.djvu 00154 (154) new
Hochfeder-10 001:00148 [Mi];file:../../DjVu/Hochfeder-10.djvu?djvuopts=&highlight=02497,00075,00098,00120&page=001;+Hochfeder-10.djvu p 1 x 2497 y 75 h 98 w 120;※ 0_Hochfeder-10_PT01_028.djvu 00155 (155) new
Hochfeder-10 001:00149 [J];file:../../DjVu/Hochfeder-10.djvu?djvuopts=&highlight=2630,62,86,172&page=1;+#Hochfeder-10.djvu p 1 x 2633 y 139 h 63 w 92;※ 0_Hochfeder-10_PT01_028.djvu 00156 (156) new
