Haller-09 001:00000  [71];file:../../DjVu/Haller-09.djvu?djvuopts=&highlight=00055,00351,00051,00051&page=001;Haller-09.djvu p 1 x 55 y 351 h 51 w 51;※ 0_Haller-09_PT04_172.djvu 00002 (2) new
Haller-09 001:00001  [H5];file:../../DjVu/Haller-09.djvu?djvuopts=&highlight=00123,00354,00050,00051&page=001;Haller-09.djvu p 1 x 123 y 354 h 50 w 51;※ 0_Haller-09_PT04_172.djvu 00003 (3) new
Haller-09 001:00002  [N];file:../../DjVu/Haller-09.djvu?djvuopts=&highlight=00187,00354,00030,00046&page=001;Haller-09.djvu p 1 x 187 y 354 h 30 w 46;※ 0_Haller-09_PT04_172.djvu 00004 (4) new
Haller-09 001:00003  [fy];file:../../DjVu/Haller-09.djvu?djvuopts=&highlight=00229,00351,00044,00047&page=001;Haller-09.djvu p 1 x 229 y 351 h 44 w 47;※ 0_Haller-09_PT04_172.djvu 00005 (5) new
Haller-09 001:00004  [E];file:../../DjVu/Haller-09.djvu?djvuopts=&highlight=00286,00350,00034,00050&page=001;Haller-09.djvu p 1 x 286 y 350 h 34 w 50;※ 0_Haller-09_PT04_172.djvu 00006 (6) new
Haller-09 001:00005  [3];file:../../DjVu/Haller-09.djvu?djvuopts=&highlight=00335,00342,00025,00036&page=001;Haller-09.djvu p 1 x 335 y 342 h 25 w 36;※ 0_Haller-09_PT04_172.djvu 00007 (7) new
Haller-09 001:00006  [A];file:../../DjVu/Haller-09.djvu?djvuopts=&highlight=00336,00380,00031,00025&page=001;Haller-09.djvu p 1 x 336 y 380 h 31 w 25;※ 0_Haller-09_PT04_172.djvu 00008 (8) new
Haller-09 001:00007  [ARP"];file:../../DjVu/Haller-09.djvu?djvuopts=&highlight=00356,00382,00013,00007&page=001;Haller-09.djvu p 1 x 356 y 382 h 13 w 7;※ 0_Haller-09_PT04_172.djvu 00009 (9) new
Haller-09 001:00008  [N];file:../../DjVu/Haller-09.djvu?djvuopts=&highlight=00384,00350,00042,00048&page=001;Haller-09.djvu p 1 x 384 y 350 h 42 w 48;※ 0_Haller-09_PT04_172.djvu 00010 (10) new
Haller-09 001:00009  [3];file:../../DjVu/Haller-09.djvu?djvuopts=&highlight=00405,00357,00022,00027&page=001;Haller-09.djvu p 1 x 405 y 357 h 22 w 27;※ 0_Haller-09_PT04_172.djvu 00011 (11) new
Haller-09 001:00010  [];file:../../DjVu/Haller-09.djvu?djvuopts=&highlight=00441,00388,00009,00010&page=001;Haller-09.djvu p 1 x 441 y 388 h 9 w 10;※ 0_Haller-09_PT04_172.djvu 00012 (12) new
Haller-09 001:00011  [M];file:../../DjVu/Haller-09.djvu?djvuopts=&highlight=00454,00350,00039,00050&page=001;Haller-09.djvu p 1 x 454 y 350 h 39 w 50;※ 0_Haller-09_PT04_172.djvu 00013 (13) new
Haller-09 001:00012  [4];file:../../DjVu/Haller-09.djvu?djvuopts=&highlight=00504,00342,00029,00060&page=001;Haller-09.djvu p 1 x 504 y 342 h 29 w 60;※ 0_Haller-09_PT04_172.djvu 00014 (14) new
Haller-09 001:00013  [];file:../../DjVu/Haller-09.djvu?djvuopts=&highlight=00549,00388,00007,00009&page=001;Haller-09.djvu p 1 x 549 y 388 h 7 w 9;※ 0_Haller-09_PT04_172.djvu 00015 (15) new
Haller-09 001:00014  [[4];file:../../DjVu/Haller-09.djvu?djvuopts=&highlight=00562,00352,00035,00045&page=001;Haller-09.djvu p 1 x 562 y 352 h 35 w 45;※ 0_Haller-09_PT04_172.djvu 00016 (16) new
Haller-09 001:00015  [À.];file:../../DjVu/Haller-09.djvu?djvuopts=&highlight=00618,00349,00037,00047&page=001;Haller-09.djvu p 1 x 618 y 349 h 37 w 47;※ 0_Haller-09_PT04_172.djvu 00017 (17) new
Haller-09 001:00016  [JA 5,];file:../../DjVu/Haller-09.djvu?djvuopts=&highlight=00677,00350,00072,00047&page=001;Haller-09.djvu p 1 x 677 y 350 h 72 w 47;※ 0_Haller-09_PT04_172.djvu 00018 (18) new
Haller-09 001:00017  [j!];file:../../DjVu/Haller-09.djvu?djvuopts=&highlight=00764,00350,00029,00050&page=001;Haller-09.djvu p 1 x 764 y 350 h 29 w 50;※ 0_Haller-09_PT04_172.djvu 00019 (19) new
Haller-09 001:00018  ["UU];file:../../DjVu/Haller-09.djvu?djvuopts=&highlight=00791,00374,00009,00008&page=001;Haller-09.djvu p 1 x 791 y 374 h 9 w 8;※ 0_Haller-09_PT04_172.djvu 00020 (20) new
Haller-09 001:00019  [FP];file:../../DjVu/Haller-09.djvu?djvuopts=&highlight=00791,00364,00005,00004&page=001;Haller-09.djvu p 1 x 791 y 364 h 5 w 4;※ 0_Haller-09_PT04_172.djvu 00021 (21) new
Haller-09 001:00020  [À];file:../../DjVu/Haller-09.djvu?djvuopts=&highlight=00794,00351,00024,00052&page=001;Haller-09.djvu p 1 x 794 y 351 h 24 w 52;※ 0_Haller-09_PT04_172.djvu 00022 (22) new
Haller-09 001:00021  [À];file:../../DjVu/Haller-09.djvu?djvuopts=&highlight=00801,00381,00004,00005&page=001;Haller-09.djvu p 1 x 801 y 381 h 4 w 5;※ 0_Haller-09_PT04_172.djvu 00023 (23) add
Haller-09 001:00022  [»5];file:../../DjVu/Haller-09.djvu?djvuopts=&highlight=00835,00349,00052,00049&page=001;Haller-09.djvu p 1 x 835 y 349 h 52 w 49;※ 0_Haller-09_PT04_172.djvu 00024 (24) new
Haller-09 001:00023  [MEMMM];file:../../DjVu/Haller-09.djvu?djvuopts=&highlight=00870,00398,00003,00001&page=001;Haller-09.djvu p 1 x 870 y 398 h 3 w 1;※ 0_Haller-09_PT04_172.djvu 00025 (25) new
Haller-09 001:00024  [[»];file:../../DjVu/Haller-09.djvu?djvuopts=&highlight=00904,00346,00048,00054&page=001;Haller-09.djvu p 1 x 904 y 346 h 48 w 54;※ 0_Haller-09_PT04_172.djvu 00026 (26) new
Haller-09 001:00025  [f];file:../../DjVu/Haller-09.djvu?djvuopts=&highlight=00968,00349,00058,00053&page=001;Haller-09.djvu p 1 x 968 y 349 h 58 w 53;※ 0_Haller-09_PT04_172.djvu 00027 (27) new
Haller-09 001:00026  [IM];file:../../DjVu/Haller-09.djvu?djvuopts=&highlight=01043,00348,00044,00046&page=001;Haller-09.djvu p 1 x 1043 y 348 h 44 w 46;※ 0_Haller-09_PT04_172.djvu 00028 (28) new
Haller-09 001:00027  [a.];file:../../DjVu/Haller-09.djvu?djvuopts=&highlight=01102,00345,00054,00054&page=001;Haller-09.djvu p 1 x 1102 y 345 h 54 w 54;※ 0_Haller-09_PT04_172.djvu 00029 (29) new
Haller-09 001:00028  [A];file:../../DjVu/Haller-09.djvu?djvuopts=&highlight=01172,00346,00036,00038&page=001;Haller-09.djvu p 1 x 1172 y 346 h 36 w 38;※ 0_Haller-09_PT04_172.djvu 00030 (30) new
Haller-09 001:00029  [—];file:../../DjVu/Haller-09.djvu?djvuopts=&highlight=01175,00388,00033,00008&page=001;Haller-09.djvu p 1 x 1175 y 388 h 33 w 8;※ 0_Haller-09_PT04_172.djvu 00031 (31) new
Haller-09 001:00030  [C]];file:../../DjVu/Haller-09.djvu?djvuopts=&highlight=01225,00344,00050,00052&page=001;Haller-09.djvu p 1 x 1225 y 344 h 50 w 52;※ 0_Haller-09_PT04_172.djvu 00032 (32) new
Haller-09 001:00031  [X];file:../../DjVu/Haller-09.djvu?djvuopts=&highlight=01296,00348,00037,00046&page=001;Haller-09.djvu p 1 x 1296 y 348 h 37 w 46;※ 0_Haller-09_PT04_172.djvu 00033 (33) new
Haller-09 001:00032  [y];file:../../DjVu/Haller-09.djvu?djvuopts=&highlight=01350,00342,00032,00054&page=001;Haller-09.djvu p 1 x 1350 y 342 h 32 w 54;※ 0_Haller-09_PT04_172.djvu 00034 (34) new
Haller-09 001:00033  [p.4];file:../../DjVu/Haller-09.djvu?djvuopts=&highlight=01397,00344,00051,00049&page=001;Haller-09.djvu p 1 x 1397 y 344 h 51 w 49;※ 0_Haller-09_PT04_172.djvu 00035 (35) new
Haller-09 001:00034  [];file:../../DjVu/Haller-09.djvu?djvuopts=&highlight=00051,00338,00011,00012&page=001;Haller-09.djvu p 1 x 51 y 338 h 11 w 12;※ 0_Haller-09_PT04_172.djvu 00036 (36) new
Haller-09 001:00035  [];file:../../DjVu/Haller-09.djvu?djvuopts=&highlight=01464,00334,00008,00010&page=001;Haller-09.djvu p 1 x 1464 y 334 h 8 w 10;※ 0_Haller-09_PT04_172.djvu 00037 (37) add
Haller-09 001:00036  [a];file:../../DjVu/Haller-09.djvu?djvuopts=&highlight=00047,00255,00033,00037&page=001;Haller-09.djvu p 1 x 47 y 255 h 33 w 37;※ 0_Haller-09_PT04_172.djvu 00038 (38) new
Haller-09 001:00037  [ü];file:../../DjVu/Haller-09.djvu?djvuopts=&highlight=00091,00256,00024,00033&page=001;Haller-09.djvu p 1 x 91 y 256 h 24 w 33;※ 0_Haller-09_PT04_172.djvu 00039 (39) new
Haller-09 001:00038  [];file:../../DjVu/Haller-09.djvu?djvuopts=&highlight=00097,00294,00018,00007&page=001;Haller-09.djvu p 1 x 97 y 294 h 18 w 7;※ 0_Haller-09_PT04_172.djvu 00040 (40) new
Haller-09 001:00039  [D];file:../../DjVu/Haller-09.djvu?djvuopts=&highlight=00130,00256,00028,00043&page=001;Haller-09.djvu p 1 x 130 y 256 h 28 w 43;※ 0_Haller-09_PT04_172.djvu 00041 (41) new
Haller-09 001:00040 [D];file:../../DjVu/Haller-09.djvu?djvuopts=&highlight=00169,00255,00028,00048&page=001;+Haller-09.djvu p 1 x 169 y 255 h 28 w 48;※ 0_Haller-09_PT04_172.djvu 00042 (42) new
Haller-09 001:00041  [];file:../../DjVu/Haller-09.djvu?djvuopts=&highlight=00179,00294,00012,00009&page=001;Haller-09.djvu p 1 x 179 y 294 h 12 w 9;※ 0_Haller-09_PT04_172.djvu 00043 (43) new
Haller-09 001:00042 [D];file:../../DjVu/Haller-09.djvu?djvuopts=&highlight=00208,00255,00029,00046&page=001;+Haller-09.djvu p 1 x 208 y 255 h 29 w 46;※ 0_Haller-09_PT04_172.djvu 00044 (44) new
Haller-09 001:00043  [(];file:../../DjVu/Haller-09.djvu?djvuopts=&highlight=00247,00256,00019,00032&page=001;Haller-09.djvu p 1 x 247 y 256 h 19 w 32;※ 0_Haller-09_PT04_172.djvu 00045 (45) new
Haller-09 001:00044  [Ü];file:../../DjVu/Haller-09.djvu?djvuopts=&highlight=00278,00256,00020,00045&page=001;Haller-09.djvu p 1 x 278 y 256 h 20 w 45;※ 0_Haller-09_PT04_172.djvu 00046 (46) new
Haller-09 001:00045  [p];file:../../DjVu/Haller-09.djvu?djvuopts=&highlight=00312,00293,00019,00010&page=001;Haller-09.djvu p 1 x 312 y 293 h 19 w 10;※ 0_Haller-09_PT04_172.djvu 00047 (47) new
Haller-09 001:00046  [p];file:../../DjVu/Haller-09.djvu?djvuopts=&highlight=00313,00269,00033,00018&page=001;Haller-09.djvu p 1 x 313 y 269 h 33 w 18;※ 0_Haller-09_PT04_172.djvu 00048 (48) add
Haller-09 001:00047  [d];file:../../DjVu/Haller-09.djvu?djvuopts=&highlight=00344,00253,00032,00047&page=001;Haller-09.djvu p 1 x 344 y 253 h 32 w 47;※ 0_Haller-09_PT04_172.djvu 00049 (49) new
Haller-09 001:00048  [D];file:../../DjVu/Haller-09.djvu?djvuopts=&highlight=00385,00254,00029,00036&page=001;Haller-09.djvu p 1 x 385 y 254 h 29 w 36;※ 0_Haller-09_PT04_172.djvu 00050 (50) new
Haller-09 001:00049 [Ü];file:../../DjVu/Haller-09.djvu?djvuopts=&highlight=00425,00253,00031,00050&page=001;+Haller-09.djvu p 1 x 425 y 253 h 31 w 50;※ 0_Haller-09_PT04_172.djvu 00051 (51) new
Haller-09 001:00050  [C];file:../../DjVu/Haller-09.djvu?djvuopts=&highlight=00466,00253,00022,00036&page=001;Haller-09.djvu p 1 x 466 y 253 h 22 w 36;※ 0_Haller-09_PT04_172.djvu 00052 (52) new
Haller-09 001:00051  [C];file:../../DjVu/Haller-09.djvu?djvuopts=&highlight=00501,00266,00034,00021&page=001;Haller-09.djvu p 1 x 501 y 266 h 34 w 21;※ 0_Haller-09_PT04_172.djvu 00053 (53) add
Haller-09 001:00052  [C];file:../../DjVu/Haller-09.djvu?djvuopts=&highlight=00503,00284,00009,00017&page=001;Haller-09.djvu p 1 x 503 y 284 h 9 w 17;※ 0_Haller-09_PT04_172.djvu 00054 (54) add
Haller-09 001:00053  [f];file:../../DjVu/Haller-09.djvu?djvuopts=&highlight=00536,00253,00023,00048&page=001;Haller-09.djvu p 1 x 536 y 253 h 23 w 48;※ 0_Haller-09_PT04_172.djvu 00055 (55) new
Haller-09 001:00054  [il];file:../../DjVu/Haller-09.djvu?djvuopts=&highlight=00566,00253,00035,00051&page=001;Haller-09.djvu p 1 x 566 y 253 h 35 w 51;※ 0_Haller-09_PT04_172.djvu 00056 (56) new
Haller-09 001:00055  [H];file:../../DjVu/Haller-09.djvu?djvuopts=&highlight=00608,00253,00030,00048&page=001;Haller-09.djvu p 1 x 608 y 253 h 30 w 48;※ 0_Haller-09_PT04_172.djvu 00057 (57) new
Haller-09 001:00056  [:];file:../../DjVu/Haller-09.djvu?djvuopts=&highlight=00647,00237,00027,00048&page=001;Haller-09.djvu p 1 x 647 y 237 h 27 w 48;※ 0_Haller-09_PT04_172.djvu 00058 (58) new
Haller-09 001:00057  [Q];file:../../DjVu/Haller-09.djvu?djvuopts=&highlight=00682,00240,00031,00046&page=001;Haller-09.djvu p 1 x 682 y 240 h 31 w 46;※ 0_Haller-09_PT04_172.djvu 00059 (59) new
Haller-09 001:00058  [dud];file:../../DjVu/Haller-09.djvu?djvuopts=&highlight=00685,00290,00028,00009&page=001;Haller-09.djvu p 1 x 685 y 290 h 28 w 9;※ 0_Haller-09_PT04_172.djvu 00060 (60) new
Haller-09 001:00059  [f!];file:../../DjVu/Haller-09.djvu?djvuopts=&highlight=00724,00239,00030,00046&page=001;Haller-09.djvu p 1 x 724 y 239 h 30 w 46;※ 0_Haller-09_PT04_172.djvu 00061 (61) new
Haller-09 001:00060  [e];file:../../DjVu/Haller-09.djvu?djvuopts=&highlight=00737,00291,00016,00016&page=001;Haller-09.djvu p 1 x 737 y 291 h 16 w 16;※ 0_Haller-09_PT04_172.djvu 00062 (62) new
Haller-09 001:00061  [e];file:../../DjVu/Haller-09.djvu?djvuopts=&highlight=00766,00271,00046,00028&page=001;Haller-09.djvu p 1 x 766 y 271 h 46 w 28;※ 0_Haller-09_PT04_172.djvu 00063 (63) add
Haller-09 001:00062 [»];file:../../DjVu/Haller-09.djvu?djvuopts=&highlight=00804,00249,00030,00050&page=001;+Haller-09.djvu p 1 x 804 y 249 h 30 w 50;※ 0_Haller-09_PT04_172.djvu 00064 (64) new
Haller-09 001:00063  [|];file:../../DjVu/Haller-09.djvu?djvuopts=&highlight=00844,00251,00014,00035&page=001;Haller-09.djvu p 1 x 844 y 251 h 14 w 35;※ 0_Haller-09_PT04_172.djvu 00065 (65) new
Haller-09 001:00064  [];file:../../DjVu/Haller-09.djvu?djvuopts=&highlight=00849,00289,00006,00005&page=001;Haller-09.djvu p 1 x 849 y 289 h 6 w 5;※ 0_Haller-09_PT04_172.djvu 00066 (66) new
Haller-09 001:00065  [m];file:../../DjVu/Haller-09.djvu?djvuopts=&highlight=00872,00290,00011,00005&page=001;Haller-09.djvu p 1 x 872 y 290 h 11 w 5;※ 0_Haller-09_PT04_172.djvu 00067 (67) new
Haller-09 001:00066  [l];file:../../DjVu/Haller-09.djvu?djvuopts=&highlight=00872,00252,00011,00031&page=001;Haller-09.djvu p 1 x 872 y 252 h 11 w 31;※ 0_Haller-09_PT04_172.djvu 00068 (68) new
Haller-09 001:00067  [l];file:../../DjVu/Haller-09.djvu?djvuopts=&highlight=00896,00268,00030,00013&page=001;Haller-09.djvu p 1 x 896 y 268 h 30 w 13;※ 0_Haller-09_PT04_172.djvu 00069 (69) add
Haller-09 001:00068  [s];file:../../DjVu/Haller-09.djvu?djvuopts=&highlight=00901,00290,00004,00005&page=001;Haller-09.djvu p 1 x 901 y 290 h 4 w 5;※ 0_Haller-09_PT04_172.djvu 00070 (70) new
Haller-09 001:00069  [|];file:../../DjVu/Haller-09.djvu?djvuopts=&highlight=00911,00243,00011,00040&page=001;Haller-09.djvu p 1 x 911 y 243 h 11 w 40;※ 0_Haller-09_PT04_172.djvu 00071 (71) new
Haller-09 001:00070  [T];file:../../DjVu/Haller-09.djvu?djvuopts=&highlight=00917,00291,00004,00004&page=001;Haller-09.djvu p 1 x 917 y 291 h 4 w 4;※ 0_Haller-09_PT04_172.djvu 00072 (72) new
Haller-09 001:00071  [lm.];file:../../DjVu/Haller-09.djvu?djvuopts=&highlight=00931,00290,00013,00008&page=001;Haller-09.djvu p 1 x 931 y 290 h 13 w 8;※ 0_Haller-09_PT04_172.djvu 00073 (73) new
Haller-09 001:00072  []];file:../../DjVu/Haller-09.djvu?djvuopts=&highlight=00935,00242,00016,00044&page=001;Haller-09.djvu p 1 x 935 y 242 h 16 w 44;※ 0_Haller-09_PT04_172.djvu 00074 (74) new
Haller-09 001:00073  [TEP];file:../../DjVu/Haller-09.djvu?djvuopts=&highlight=00957,00292,00022,00008&page=001;Haller-09.djvu p 1 x 957 y 292 h 22 w 8;※ 0_Haller-09_PT04_172.djvu 00075 (75) new
Haller-09 001:00074  [|];file:../../DjVu/Haller-09.djvu?djvuopts=&highlight=00960,00242,00019,00045&page=001;Haller-09.djvu p 1 x 960 y 242 h 19 w 45;※ 0_Haller-09_PT04_172.djvu 00076 (76) new
Haller-09 001:00075  [];file:../../DjVu/Haller-09.djvu?djvuopts=&highlight=00992,00253,00035,00043&page=001;Haller-09.djvu p 1 x 992 y 253 h 35 w 43;※ 0_Haller-09_PT04_172.djvu 00077 (77) new
Haller-09 001:00076  [|];file:../../DjVu/Haller-09.djvu?djvuopts=&highlight=01039,00252,00010,00041&page=001;Haller-09.djvu p 1 x 1039 y 252 h 10 w 41;※ 0_Haller-09_PT04_172.djvu 00078 (78) new
Haller-09 001:00077 [|];file:../../DjVu/Haller-09.djvu?djvuopts=&highlight=01061,00250,00019,00048&page=001;+Haller-09.djvu p 1 x 1061 y 250 h 19 w 48;※ 0_Haller-09_PT04_172.djvu 00079 (79) new
Haller-09 001:00078  [I1];file:../../DjVu/Haller-09.djvu?djvuopts=&highlight=01090,00252,00041,00034&page=001;Haller-09.djvu p 1 x 1090 y 252 h 41 w 34;※ 0_Haller-09_PT04_172.djvu 00080 (80) new
Haller-09 001:00079  [I1];file:../../DjVu/Haller-09.djvu?djvuopts=&highlight=01144,00246,00035,00040&page=001;Haller-09.djvu p 1 x 1144 y 246 h 35 w 40;※ 0_Haller-09_PT04_172.djvu 00081 (81) add
Haller-09 001:00080  [];file:../../DjVu/Haller-09.djvu?djvuopts=&highlight=01154,00291,00024,00009&page=001;Haller-09.djvu p 1 x 1154 y 291 h 24 w 9;※ 0_Haller-09_PT04_172.djvu 00082 (82) new
Haller-09 001:00081  [n];file:../../DjVu/Haller-09.djvu?djvuopts=&highlight=01197,00253,00026,00034&page=001;Haller-09.djvu p 1 x 1197 y 253 h 26 w 34;※ 0_Haller-09_PT04_172.djvu 00083 (83) new
Haller-09 001:00082  [n];file:../../DjVu/Haller-09.djvu?djvuopts=&highlight=01236,00261,00036,00026&page=001;Haller-09.djvu p 1 x 1236 y 261 h 36 w 26;※ 0_Haller-09_PT04_172.djvu 00084 (84) add
Haller-09 001:00083  [];file:../../DjVu/Haller-09.djvu?djvuopts=&highlight=01242,00292,00018,00006&page=001;Haller-09.djvu p 1 x 1242 y 292 h 18 w 6;※ 0_Haller-09_PT04_172.djvu 00085 (85) new
Haller-09 001:00084  [l];file:../../DjVu/Haller-09.djvu?djvuopts=&highlight=01274,00252,00009,00031&page=001;Haller-09.djvu p 1 x 1274 y 252 h 9 w 31;※ 0_Haller-09_PT04_172.djvu 00086 (86) new
Haller-09 001:00085  [m];file:../../DjVu/Haller-09.djvu?djvuopts=&highlight=01278,00291,00007,00006&page=001;Haller-09.djvu p 1 x 1278 y 291 h 7 w 6;※ 0_Haller-09_PT04_172.djvu 00087 (87) new
Haller-09 001:00086  []];file:../../DjVu/Haller-09.djvu?djvuopts=&highlight=01286,00252,00015,00033&page=001;Haller-09.djvu p 1 x 1286 y 252 h 15 w 33;※ 0_Haller-09_PT04_172.djvu 00088 (88) new
Haller-09 001:00087  [];file:../../DjVu/Haller-09.djvu?djvuopts=&highlight=01290,00292,00008,00006&page=001;Haller-09.djvu p 1 x 1290 y 292 h 8 w 6;※ 0_Haller-09_PT04_172.djvu 00089 (89) new
Haller-09 001:00088  [];file:../../DjVu/Haller-09.djvu?djvuopts=&highlight=01310,00255,00036,00030&page=001;Haller-09.djvu p 1 x 1310 y 255 h 36 w 30;※ 0_Haller-09_PT04_172.djvu 00090 (90) add
Haller-09 001:00089  [];file:../../DjVu/Haller-09.djvu?djvuopts=&highlight=01351,00253,00034,00030&page=001;Haller-09.djvu p 1 x 1351 y 253 h 34 w 30;※ 0_Haller-09_PT04_172.djvu 00091 (91) add
Haller-09 001:00090  [];file:../../DjVu/Haller-09.djvu?djvuopts=&highlight=01360,00282,00008,00016&page=001;Haller-09.djvu p 1 x 1360 y 282 h 8 w 16;※ 0_Haller-09_PT04_172.djvu 00092 (92) add
Haller-09 001:00091  [(Q];file:../../DjVu/Haller-09.djvu?djvuopts=&highlight=01391,00249,00027,00034&page=001;Haller-09.djvu p 1 x 1391 y 249 h 27 w 34;※ 0_Haller-09_PT04_172.djvu 00093 (93) new
Haller-09 001:00092  [o]];file:../../DjVu/Haller-09.djvu?djvuopts=&highlight=01395,00287,00008,00008&page=001;Haller-09.djvu p 1 x 1395 y 287 h 8 w 8;※ 0_Haller-09_PT04_172.djvu 00094 (94) new
Haller-09 001:00093  [o]];file:../../DjVu/Haller-09.djvu?djvuopts=&highlight=01408,00286,00006,00009&page=001;Haller-09.djvu p 1 x 1408 y 286 h 6 w 9;※ 0_Haller-09_PT04_172.djvu 00095 (95) add
Haller-09 001:00094  [p];file:../../DjVu/Haller-09.djvu?djvuopts=&highlight=01429,00235,00028,00048&page=001;Haller-09.djvu p 1 x 1429 y 235 h 28 w 48;※ 0_Haller-09_PT04_172.djvu 00096 (96) new
Haller-09 001:00095  [p];file:../../DjVu/Haller-09.djvu?djvuopts=&highlight=01463,00239,00008,00013&page=001;Haller-09.djvu p 1 x 1463 y 239 h 8 w 13;※ 0_Haller-09_PT04_172.djvu 00097 (97) add
Haller-09 001:00096 [Pt.];file:../../DjVu/Haller-09.djvu?djvuopts=&highlight=00044,00148,00041,00046&page=001;+^Haller-09.djvu p 1 x 44 y 148 h 41 w 46;※ 0_Haller-09_PT04_172.djvu 00098 (98) new
Haller-09 001:00097  [JE];file:../../DjVu/Haller-09.djvu?djvuopts=&highlight=00057,00199,00021,00008&page=001;Haller-09.djvu p 1 x 57 y 199 h 21 w 8;※ 0_Haller-09_PT04_172.djvu 00099 (99) new
Haller-09 001:00098  [D];file:../../DjVu/Haller-09.djvu?djvuopts=&highlight=00091,00149,00030,00060&page=001;Haller-09.djvu p 1 x 91 y 149 h 30 w 60;※ 0_Haller-09_PT04_172.djvu 00100 (100) new
Haller-09 001:00099  [D];file:../../DjVu/Haller-09.djvu?djvuopts=&highlight=00133,00166,00046,00029&page=001;Haller-09.djvu p 1 x 133 y 166 h 46 w 29;※ 0_Haller-09_PT04_172.djvu 00101 (101) add
Haller-09 001:00100  [- m ud];file:../../DjVu/Haller-09.djvu?djvuopts=&highlight=00134,00199,00027,00010&page=001;Haller-09.djvu p 1 x 134 y 199 h 27 w 10;※ 0_Haller-09_PT04_172.djvu 00102 (102) new
Haller-09 001:00101  [- m ud];file:../../DjVu/Haller-09.djvu?djvuopts=&highlight=00172,00162,00044,00031&page=001;Haller-09.djvu p 1 x 172 y 162 h 44 w 31;※ 0_Haller-09_PT04_172.djvu 00103 (103) add
Haller-09 001:00102  [- m ud];file:../../DjVu/Haller-09.djvu?djvuopts=&highlight=00175,00187,00009,00019&page=001;Haller-09.djvu p 1 x 175 y 187 h 9 w 19;※ 0_Haller-09_PT04_172.djvu 00104 (104) add
Haller-09 001:00103 [- m ud];file:../../DjVu/Haller-09.djvu?djvuopts=&highlight=00215,00164,00047,00029&page=001;+#Haller-09.djvu p 1 x 215 y 164 h 47 w 29;※ 0_Haller-09_PT04_172.djvu 00105 (105) add
Haller-09 001:00104 [I2];file:../../DjVu/Haller-09.djvu?djvuopts=&highlight=00250,00147,00042,00047&page=001;+Haller-09.djvu p 1 x 250 y 147 h 42 w 47;※ 0_Haller-09_PT04_172.djvu 00106 (106) new
Haller-09 001:00105  [C]];file:../../DjVu/Haller-09.djvu?djvuopts=&highlight=00301,00148,00032,00047&page=001;Haller-09.djvu p 1 x 301 y 148 h 32 w 47;※ 0_Haller-09_PT04_172.djvu 00107 (107) new
Haller-09 001:00106  [|];file:../../DjVu/Haller-09.djvu?djvuopts=&highlight=00341,00148,00035,00047&page=001;Haller-09.djvu p 1 x 341 y 148 h 35 w 47;※ 0_Haller-09_PT04_172.djvu 00108 (108) new
Haller-09 001:00107  [|];file:../../DjVu/Haller-09.djvu?djvuopts=&highlight=00351,00189,00007,00019&page=001;Haller-09.djvu p 1 x 351 y 189 h 7 w 19;※ 0_Haller-09_PT04_172.djvu 00109 (109) add
Haller-09 001:00108  [|];file:../../DjVu/Haller-09.djvu?djvuopts=&highlight=00386,00161,00047,00033&page=001;Haller-09.djvu p 1 x 386 y 161 h 47 w 33;※ 0_Haller-09_PT04_172.djvu 00110 (110) add
Haller-09 001:00109  ["];file:../../DjVu/Haller-09.djvu?djvuopts=&highlight=00405,00199,00009,00006&page=001;Haller-09.djvu p 1 x 405 y 199 h 9 w 6;※ 0_Haller-09_PT04_172.djvu 00111 (111) new
Haller-09 001:00110  ["];file:../../DjVu/Haller-09.djvu?djvuopts=&highlight=00428,00161,00046,00032&page=001;Haller-09.djvu p 1 x 428 y 161 h 46 w 32;※ 0_Haller-09_PT04_172.djvu 00112 (112) add
Haller-09 001:00111  ["];file:../../DjVu/Haller-09.djvu?djvuopts=&highlight=00431,00195,00007,00011&page=001;Haller-09.djvu p 1 x 431 y 195 h 7 w 11;※ 0_Haller-09_PT04_172.djvu 00113 (113) add
Haller-09 001:00112  ["];file:../../DjVu/Haller-09.djvu?djvuopts=&highlight=00450,00199,00007,00008&page=001;Haller-09.djvu p 1 x 450 y 199 h 7 w 8;※ 0_Haller-09_PT04_172.djvu 00114 (114) add
Haller-09 001:00113  [Q];file:../../DjVu/Haller-09.djvu?djvuopts=&highlight=00469,00148,00030,00042&page=001;Haller-09.djvu p 1 x 469 y 148 h 30 w 42;※ 0_Haller-09_PT04_172.djvu 00115 (115) new
Haller-09 001:00114  [*];file:../../DjVu/Haller-09.djvu?djvuopts=&highlight=00477,00193,00018,00016&page=001;Haller-09.djvu p 1 x 477 y 193 h 18 w 16;※ 0_Haller-09_PT04_172.djvu 00116 (116) new
Haller-09 001:00115 [(p];file:../../DjVu/Haller-09.djvu?djvuopts=&highlight=00508,00145,00045,00049&page=001;+Haller-09.djvu p 1 x 508 y 145 h 45 w 49;※ 0_Haller-09_PT04_172.djvu 00117 (117) new
Haller-09 001:00116 [(Qn];file:../../DjVu/Haller-09.djvu?djvuopts=&highlight=00565,00149,00047,00046&page=001;+Haller-09.djvu p 1 x 565 y 149 h 47 w 46;※ 0_Haller-09_PT04_172.djvu 00118 (118) new
Haller-09 001:00117 [(Qn];file:../../DjVu/Haller-09.djvu?djvuopts=&highlight=00620,00146,00046,00048&page=001;+^Haller-09.djvu p 1 x 620 y 146 h 46 w 48;※ 0_Haller-09_PT04_172.djvu 00119 (119) add
Haller-09 001:00118  ["d];file:../../DjVu/Haller-09.djvu?djvuopts=&highlight=00626,00198,00014,00009&page=001;Haller-09.djvu p 1 x 626 y 198 h 14 w 9;※ 0_Haller-09_PT04_172.djvu 00120 (120) new
Haller-09 001:00119  ["d];file:../../DjVu/Haller-09.djvu?djvuopts=&highlight=00645,00192,00009,00016&page=001;Haller-09.djvu p 1 x 645 y 192 h 9 w 16;※ 0_Haller-09_PT04_172.djvu 00121 (121) add
Haller-09 001:00120  ["d];file:../../DjVu/Haller-09.djvu?djvuopts=&highlight=00652,00176,00010,00015&page=001;Haller-09.djvu p 1 x 652 y 176 h 10 w 15;※ 0_Haller-09_PT04_172.djvu 00122 (122) add
Haller-09 001:00121  [r];file:../../DjVu/Haller-09.djvu?djvuopts=&highlight=00680,00158,00021,00033&page=001;Haller-09.djvu p 1 x 680 y 158 h 21 w 33;※ 0_Haller-09_PT04_172.djvu 00123 (123) new
Haller-09 001:00122  [r];file:../../DjVu/Haller-09.djvu?djvuopts=&highlight=00713,00169,00033,00021&page=001;Haller-09.djvu p 1 x 713 y 169 h 33 w 21;※ 0_Haller-09_PT04_172.djvu 00124 (124) add
Haller-09 001:00123  [r];file:../../DjVu/Haller-09.djvu?djvuopts=&highlight=00715,00186,00006,00019&page=001;Haller-09.djvu p 1 x 715 y 186 h 6 w 19;※ 0_Haller-09_PT04_172.djvu 00125 (125) add
Haller-09 001:00124  [i];file:../../DjVu/Haller-09.djvu?djvuopts=&highlight=00741,00155,00016,00013&page=001;Haller-09.djvu p 1 x 741 y 155 h 16 w 13;※ 0_Haller-09_PT04_172.djvu 00126 (126) new
Haller-09 001:00125  [4];file:../../DjVu/Haller-09.djvu?djvuopts=&highlight=00746,00173,00012,00018&page=001;Haller-09.djvu p 1 x 746 y 173 h 12 w 18;※ 0_Haller-09_PT04_172.djvu 00127 (127) new
Haller-09 001:00126  [6];file:../../DjVu/Haller-09.djvu?djvuopts=&highlight=00768,00156,00026,00035&page=001;Haller-09.djvu p 1 x 768 y 156 h 26 w 35;※ 0_Haller-09_PT04_172.djvu 00128 (128) new
Haller-09 001:00127  [6];file:../../DjVu/Haller-09.djvu?djvuopts=&highlight=00803,00191,00008,00010&page=001;Haller-09.djvu p 1 x 803 y 191 h 8 w 10;※ 0_Haller-09_PT04_172.djvu 00129 (129) add
Haller-09 001:00128  [t5];file:../../DjVu/Haller-09.djvu?djvuopts=&highlight=00803,00155,00027,00034&page=001;Haller-09.djvu p 1 x 803 y 155 h 27 w 34;※ 0_Haller-09_PT04_172.djvu 00130 (130) new
Haller-09 001:00129  [];file:../../DjVu/Haller-09.djvu?djvuopts=&highlight=00816,00195,00011,00006&page=001;Haller-09.djvu p 1 x 816 y 195 h 11 w 6;※ 0_Haller-09_PT04_172.djvu 00131 (131) new
Haller-09 001:00130  [f];file:../../DjVu/Haller-09.djvu?djvuopts=&highlight=00842,00160,00020,00049&page=001;Haller-09.djvu p 1 x 842 y 160 h 20 w 49;※ 0_Haller-09_PT04_172.djvu 00132 (132) new
Haller-09 001:00131 [fb];file:../../DjVu/Haller-09.djvu?djvuopts=&highlight=00868,00155,00043,00051&page=001;+Haller-09.djvu p 1 x 868 y 155 h 43 w 51;※ 0_Haller-09_PT04_172.djvu 00133 (133) new
Haller-09 001:00132  [fb];file:../../DjVu/Haller-09.djvu?djvuopts=&highlight=00893,00192,00007,00010&page=001;Haller-09.djvu p 1 x 893 y 192 h 7 w 10;※ 0_Haller-09_PT04_172.djvu 00134 (134) add
Haller-09 001:00133  [(T];file:../../DjVu/Haller-09.djvu?djvuopts=&highlight=00921,00158,00038,00050&page=001;Haller-09.djvu p 1 x 921 y 158 h 38 w 50;※ 0_Haller-09_PT04_172.djvu 00135 (135) new
Haller-09 001:00134 [(T];file:../../DjVu/Haller-09.djvu?djvuopts=&highlight=00963,00172,00047,00032&page=001;+#Haller-09.djvu p 1 x 963 y 172 h 47 w 32;※ 0_Haller-09_PT04_172.djvu 00136 (136) add
Haller-09 001:00135 [P];file:../../DjVu/Haller-09.djvu?djvuopts=&highlight=01005,00157,00025,00048&page=001;+Haller-09.djvu p 1 x 1005 y 157 h 25 w 48;※ 0_Haller-09_PT04_172.djvu 00137 (137) new
Haller-09 001:00136  [[];file:../../DjVu/Haller-09.djvu?djvuopts=&highlight=01038,00157,00018,00038&page=001;Haller-09.djvu p 1 x 1038 y 157 h 18 w 38;※ 0_Haller-09_PT04_172.djvu 00138 (138) new
Haller-09 001:00137  [[];file:../../DjVu/Haller-09.djvu?djvuopts=&highlight=01066,00179,00046,00024&page=001;Haller-09.djvu p 1 x 1066 y 179 h 46 w 24;※ 0_Haller-09_PT04_172.djvu 00139 (139) add
Haller-09 001:00138  [r];file:../../DjVu/Haller-09.djvu?djvuopts=&highlight=01100,00157,00022,00038&page=001;Haller-09.djvu p 1 x 1100 y 157 h 22 w 38;※ 0_Haller-09_PT04_172.djvu 00140 (140) new
Haller-09 001:00139  [4];file:../../DjVu/Haller-09.djvu?djvuopts=&highlight=01113,00197,00009,00012&page=001;Haller-09.djvu p 1 x 1113 y 197 h 9 w 12;※ 0_Haller-09_PT04_172.djvu 00141 (141) new
Haller-09 001:00140  [3.];file:../../DjVu/Haller-09.djvu?djvuopts=&highlight=01133,00197,00006,00007&page=001;Haller-09.djvu p 1 x 1133 y 197 h 6 w 7;※ 0_Haller-09_PT04_172.djvu 00142 (142) new
Haller-09 001:00141  [3.];file:../../DjVu/Haller-09.djvu?djvuopts=&highlight=01135,00174,00036,00017&page=001;Haller-09.djvu p 1 x 1135 y 174 h 36 w 17;※ 0_Haller-09_PT04_172.djvu 00143 (143) add
Haller-09 001:00142  [ot];file:../../DjVu/Haller-09.djvu?djvuopts=&highlight=01145,00199,00008,00007&page=001;Haller-09.djvu p 1 x 1145 y 199 h 8 w 7;※ 0_Haller-09_PT04_172.djvu 00144 (144) new
Haller-09 001:00143  [ot];file:../../DjVu/Haller-09.djvu?djvuopts=&highlight=01164,00161,00034,00028&page=001;Haller-09.djvu p 1 x 1164 y 161 h 34 w 28;※ 0_Haller-09_PT04_172.djvu 00145 (145) add
Haller-09 001:00144  [t];file:../../DjVu/Haller-09.djvu?djvuopts=&highlight=01200,00155,00015,00034&page=001;Haller-09.djvu p 1 x 1200 y 155 h 15 w 34;※ 0_Haller-09_PT04_172.djvu 00146 (146) new
Haller-09 001:00145  [nu];file:../../DjVu/Haller-09.djvu?djvuopts=&highlight=01211,00195,00015,00006&page=001;Haller-09.djvu p 1 x 1211 y 195 h 15 w 6;※ 0_Haller-09_PT04_172.djvu 00147 (147) new
Haller-09 001:00146  [nu];file:../../DjVu/Haller-09.djvu?djvuopts=&highlight=01214,00174,00034,00015&page=001;Haller-09.djvu p 1 x 1214 y 174 h 34 w 15;※ 0_Haller-09_PT04_172.djvu 00148 (148) add
Haller-09 001:00147  [Y)];file:../../DjVu/Haller-09.djvu?djvuopts=&highlight=01240,00157,00030,00035&page=001;Haller-09.djvu p 1 x 1240 y 157 h 30 w 35;※ 0_Haller-09_PT04_172.djvu 00149 (149) new
Haller-09 001:00148 [(];file:../../DjVu/Haller-09.djvu?djvuopts=&highlight=01279,00157,00031,00045&page=001;+Haller-09.djvu p 1 x 1279 y 157 h 31 w 45;※ 0_Haller-09_PT04_172.djvu 00150 (150) new
Haller-09 001:00149  [(];file:../../DjVu/Haller-09.djvu?djvuopts=&highlight=01323,00167,00037,00024&page=001;Haller-09.djvu p 1 x 1323 y 167 h 37 w 24;※ 0_Haller-09_PT04_172.djvu 00151 (151) add
Haller-09 001:00150  [Y];file:../../DjVu/Haller-09.djvu?djvuopts=&highlight=01358,00145,00021,00045&page=001;Haller-09.djvu p 1 x 1358 y 145 h 21 w 45;※ 0_Haller-09_PT04_172.djvu 00152 (152) new
Haller-09 001:00151  [$];file:../../DjVu/Haller-09.djvu?djvuopts=&highlight=01391,00144,00020,00047&page=001;Haller-09.djvu p 1 x 1391 y 144 h 20 w 47;※ 0_Haller-09_PT04_172.djvu 00153 (153) new
Haller-09 001:00152 [2];file:../../DjVu/Haller-09.djvu?djvuopts=&highlight=01423,00145,00029,00048&page=001;+Haller-09.djvu p 1 x 1423 y 145 h 29 w 48;※ 0_Haller-09_PT04_172.djvu 00154 (154) new
Haller-09 001:00153  [];file:../../DjVu/Haller-09.djvu?djvuopts=&highlight=01468,00152,00009,00011&page=001;Haller-09.djvu p 1 x 1468 y 152 h 9 w 11;※ 0_Haller-09_PT04_172.djvu 00155 (155) new
Haller-09 001:00154  [];file:../../DjVu/Haller-09.djvu?djvuopts=&highlight=00044,00063,00009,00011&page=001;Haller-09.djvu p 1 x 44 y 63 h 9 w 11;※ 0_Haller-09_PT04_172.djvu 00156 (156) add
Haller-09 001:00155 [r4];file:../../DjVu/Haller-09.djvu?djvuopts=&highlight=00054,00065,00026,00034&page=001;+Haller-09.djvu p 1 x 54 y 65 h 26 w 34;※ 0_Haller-09_PT04_172.djvu 00157 (157) new
Haller-09 001:00156 [(];file:../../DjVu/Haller-09.djvu?djvuopts=&highlight=00092,00049,00012,00049&page=001;+Haller-09.djvu p 1 x 92 y 49 h 12 w 49;※ 0_Haller-09_PT04_172.djvu 00158 (158) new
Haller-09 001:00157 [g];file:../../DjVu/Haller-09.djvu?djvuopts=&highlight=00116,00050,00031,00049&page=001;+Haller-09.djvu p 1 x 116 y 50 h 31 w 49;※ 0_Haller-09_PT04_172.djvu 00159 (159) new
Haller-09 001:00158 [9];file:../../DjVu/Haller-09.djvu?djvuopts=&highlight=00161,00081,00022,00030&page=001;+#Haller-09.djvu p 1 x 161 y 81 h 22 w 30;※ 0_Haller-09_PT04_172.djvu 00160 (160) new
Haller-09 001:00159  [(];file:../../DjVu/Haller-09.djvu?djvuopts=&highlight=00276,00049,00020,00053&page=001;Haller-09.djvu p 1 x 276 y 49 h 20 w 53;※ 0_Haller-09_PT04_172.djvu 00161 (161) new
Haller-09 001:00160  [)];file:../../DjVu/Haller-09.djvu?djvuopts=&highlight=00342,00053,00018,00049&page=001;Haller-09.djvu p 1 x 342 y 53 h 18 w 49;※ 0_Haller-09_PT04_172.djvu 00162 (162) new
Haller-09 001:00161  [P];file:../../DjVu/Haller-09.djvu?djvuopts=&highlight=00432,00071,00016,00016&page=001;Haller-09.djvu p 1 x 432 y 71 h 16 w 16;※ 0_Haller-09_PT04_172.djvu 00163 (163) new
Haller-09 001:00162  [AP];file:../../DjVu/Haller-09.djvu?djvuopts=&highlight=00433,00085,00015,00014&page=001;Haller-09.djvu p 1 x 433 y 85 h 15 w 14;※ 0_Haller-09_PT04_172.djvu 00164 (164) new
Haller-09 001:00163  [,];file:../../DjVu/Haller-09.djvu?djvuopts=&highlight=00461,00086,00019,00027&page=001;Haller-09.djvu p 1 x 461 y 86 h 19 w 27;※ 0_Haller-09_PT04_172.djvu 00165 (165) new
Haller-09 001:00164  [,];file:../../DjVu/Haller-09.djvu?djvuopts=&highlight=00462,00067,00012,00011&page=001;Haller-09.djvu p 1 x 462 y 67 h 12 w 11;※ 0_Haller-09_PT04_172.djvu 00166 (166) add
Haller-09 001:00165  [,];file:../../DjVu/Haller-09.djvu?djvuopts=&highlight=00490,00091,00012,00010&page=001;Haller-09.djvu p 1 x 490 y 91 h 12 w 10;※ 0_Haller-09_PT04_172.djvu 00167 (167) add
Haller-09 001:00166  [,];file:../../DjVu/Haller-09.djvu?djvuopts=&highlight=00490,00067,00014,00012&page=001;Haller-09.djvu p 1 x 490 y 67 h 14 w 12;※ 0_Haller-09_PT04_172.djvu 00168 (168) add
Haller-09 001:00167  [,];file:../../DjVu/Haller-09.djvu?djvuopts=&highlight=00514,00068,00014,00013&page=001;Haller-09.djvu p 1 x 514 y 68 h 14 w 13;※ 0_Haller-09_PT04_172.djvu 00169 (169) add
Haller-09 001:00168  [O];file:../../DjVu/Haller-09.djvu?djvuopts=&highlight=00643,00057,00028,00029&page=001;Haller-09.djvu p 1 x 643 y 57 h 28 w 29;※ 0_Haller-09_PT04_172.djvu 00170 (170) new
Haller-09 001:00169  [|];file:../../DjVu/Haller-09.djvu?djvuopts=&highlight=00682,00059,00012,00030&page=001;Haller-09.djvu p 1 x 682 y 59 h 12 w 30;※ 0_Haller-09_PT04_172.djvu 00171 (171) new
Haller-09 001:00170  [2];file:../../DjVu/Haller-09.djvu?djvuopts=&highlight=00705,00057,00021,00034&page=001;Haller-09.djvu p 1 x 705 y 57 h 21 w 34;※ 0_Haller-09_PT04_172.djvu 00172 (172) new
Haller-09 001:00171  [4];file:../../DjVu/Haller-09.djvu?djvuopts=&highlight=00734,00053,00018,00042&page=001;Haller-09.djvu p 1 x 734 y 53 h 18 w 42;※ 0_Haller-09_PT04_172.djvu 00173 (173) new
Haller-09 001:00172  [d];file:../../DjVu/Haller-09.djvu?djvuopts=&highlight=00761,00053,00027,00040&page=001;Haller-09.djvu p 1 x 761 y 53 h 27 w 40;※ 0_Haller-09_PT04_172.djvu 00174 (174) new
Haller-09 001:00173  [e];file:../../DjVu/Haller-09.djvu?djvuopts=&highlight=00798,00059,00013,00034&page=001;Haller-09.djvu p 1 x 798 y 59 h 13 w 34;※ 0_Haller-09_PT04_172.djvu 00175 (175) new
Haller-09 001:00174  [Ó];file:../../DjVu/Haller-09.djvu?djvuopts=&highlight=00820,00058,00023,00033&page=001;Haller-09.djvu p 1 x 820 y 58 h 23 w 33;※ 0_Haller-09_PT04_172.djvu 00176 (176) new
Haller-09 001:00175  [/];file:../../DjVu/Haller-09.djvu?djvuopts=&highlight=00850,00056,00025,00037&page=001;Haller-09.djvu p 1 x 850 y 56 h 25 w 37;※ 0_Haller-09_PT04_172.djvu 00177 (177) new
Haller-09 001:00176  ["];file:../../DjVu/Haller-09.djvu?djvuopts=&highlight=00882,00057,00023,00040&page=001;Haller-09.djvu p 1 x 882 y 57 h 23 w 40;※ 0_Haller-09_PT04_172.djvu 00178 (178) new
Haller-09 001:00177  [9];file:../../DjVu/Haller-09.djvu?djvuopts=&highlight=00914,00056,00023,00035&page=001;Haller-09.djvu p 1 x 914 y 56 h 23 w 35;※ 0_Haller-09_PT04_172.djvu 00179 (179) new
Haller-09 001:00178  [ve:];file:../../DjVu/Haller-09.djvu?djvuopts=&highlight=00618,00013,00025,00026&page=001;Haller-09.djvu p 1 x 618 y 13 h 25 w 26;※ 0_Haller-09_PT04_172.djvu 00180 (180) new
Haller-09 001:00179  [U];file:../../DjVu/Haller-09.djvu?djvuopts=&highlight=00620,00040,00005,00005&page=001;Haller-09.djvu p 1 x 620 y 40 h 5 w 5;※ 0_Haller-09_PT04_172.djvu 00181 (181) new
Haller-09 001:00180  [e];file:../../DjVu/Haller-09.djvu?djvuopts=&highlight=00641,00036,00008,00009&page=001;Haller-09.djvu p 1 x 641 y 36 h 8 w 9;※ 0_Haller-09_PT04_172.djvu 00182 (182) new
Haller-09 001:00181  [RN];file:../../DjVu/Haller-09.djvu?djvuopts=&highlight=00943,00015,00022,00020&page=001;Haller-09.djvu p 1 x 943 y 15 h 22 w 20;※ 0_Haller-09_PT04_172.djvu 00183 (183) new
Haller-09 001:00182  [m];file:../../DjVu/Haller-09.djvu?djvuopts=&highlight=00231,00147,00001,00001&page=001;Haller-09.djvu p 1 x 231 y 147 h 1 w 1;※ 0_Haller-09_PT04_172.djvu 00184 (184) new
Haller-09 001:00183  [EM];file:../../DjVu/Haller-09.djvu?djvuopts=&highlight=00638,00046,00002,00001&page=001;Haller-09.djvu p 1 x 638 y 46 h 2 w 1;※ 0_Haller-09_PT04_172.djvu 00185 (185) new
Haller-09 001:00184  [m];file:../../DjVu/Haller-09.djvu?djvuopts=&highlight=00956,00029,00002,00002&page=001;Haller-09.djvu p 1 x 956 y 29 h 2 w 2;※ 0_Haller-09_PT04_172.djvu 00186 (186) new
Haller-09 001:00185  [0 — Mil];file:../../DjVu/Haller-09.djvu?djvuopts=&highlight=00709,00397,00160,00002&page=001;Haller-09.djvu p 1 x 709 y 397 h 160 w 2;※ 0_Haller-09_PT04_172.djvu 00187 (187) new
Haller-09 001:00185  [0 — Mil];file:../../DjVu/Haller-09.djvu?djvuopts=&highlight=00709,00397,00160,00002&page=001;Haller-09.djvu p 1 x 709 y 397 h 160 w 2;※ 0_Haller-09_PT04_172.djvu 00188 (188) new
