Haller-07 001:00000  [7];file:../../DjVu/Haller-07.djvu?djvuopts=&highlight=00141,00521,00048,00054&page=001;Haller-07.djvu p 1 x 141 y 521 h 48 w 54;※ 0_Haller-07_PT04_170.djvu 00002 (2) new
Haller-07 001:00001  [n];file:../../DjVu/Haller-07.djvu?djvuopts=&highlight=00201,00522,00060,00056&page=001;Haller-07.djvu p 1 x 201 y 522 h 60 w 56;※ 0_Haller-07_PT04_170.djvu 00003 (3) new
Haller-07 001:00002  [,ü];file:../../DjVu/Haller-07.djvu?djvuopts=&highlight=00272,00525,00046,00053&page=001;Haller-07.djvu p 1 x 272 y 525 h 46 w 53;※ 0_Haller-07_PT04_170.djvu 00004 (4) new
Haller-07 001:00003  [b];file:../../DjVu/Haller-07.djvu?djvuopts=&highlight=00330,00524,00058,00054&page=001;Haller-07.djvu p 1 x 330 y 524 h 58 w 54;※ 0_Haller-07_PT04_170.djvu 00005 (5) new
Haller-07 001:00004  [-];file:../../DjVu/Haller-07.djvu?djvuopts=&highlight=00397,00525,00051,00056&page=001;Haller-07.djvu p 1 x 397 y 525 h 51 w 56;※ 0_Haller-07_PT04_170.djvu 00006 (6) new
Haller-07 001:00005  [«];file:../../DjVu/Haller-07.djvu?djvuopts=&highlight=00460,00518,00048,00074&page=001;Haller-07.djvu p 1 x 460 y 518 h 48 w 74;※ 0_Haller-07_PT04_170.djvu 00007 (7) new
Haller-07 001:00006  [(f5];file:../../DjVu/Haller-07.djvu?djvuopts=&highlight=00518,00526,00052,00055&page=001;Haller-07.djvu p 1 x 518 y 526 h 52 w 55;※ 0_Haller-07_PT04_170.djvu 00008 (8) new
Haller-07 001:00007  [!»];file:../../DjVu/Haller-07.djvu?djvuopts=&highlight=00583,00528,00048,00052&page=001;Haller-07.djvu p 1 x 583 y 528 h 48 w 52;※ 0_Haller-07_PT04_170.djvu 00009 (9) new
Haller-07 001:00008  [1];file:../../DjVu/Haller-07.djvu?djvuopts=&highlight=00647,00520,00043,00070&page=001;Haller-07.djvu p 1 x 647 y 520 h 43 w 70;※ 0_Haller-07_PT04_170.djvu 00010 (10) new
Haller-07 001:00009  [th];file:../../DjVu/Haller-07.djvu?djvuopts=&highlight=00704,00527,00054,00062&page=001;Haller-07.djvu p 1 x 704 y 527 h 54 w 62;※ 0_Haller-07_PT04_170.djvu 00011 (11) new
Haller-07 001:00010  [1j];file:../../DjVu/Haller-07.djvu?djvuopts=&highlight=00773,00526,00053,00062&page=001;Haller-07.djvu p 1 x 773 y 526 h 53 w 62;※ 0_Haller-07_PT04_170.djvu 00012 (12) new
Haller-07 001:00011  [A»];file:../../DjVu/Haller-07.djvu?djvuopts=&highlight=00836,00527,00079,00057&page=001;Haller-07.djvu p 1 x 836 y 527 h 79 w 57;※ 0_Haller-07_PT04_170.djvu 00013 (13) new
Haller-07 001:00012  [71H];file:../../DjVu/Haller-07.djvu?djvuopts=&highlight=00927,00530,00056,00054&page=001;Haller-07.djvu p 1 x 927 y 530 h 56 w 54;※ 0_Haller-07_PT04_170.djvu 00014 (14) new
Haller-07 001:00013  [e];file:../../DjVu/Haller-07.djvu?djvuopts=&highlight=00993,00526,00066,00059&page=001;Haller-07.djvu p 1 x 993 y 526 h 66 w 59;※ 0_Haller-07_PT04_170.djvu 00015 (15) new
Haller-07 001:00014  [?*];file:../../DjVu/Haller-07.djvu?djvuopts=&highlight=01066,00526,00050,00067&page=001;Haller-07.djvu p 1 x 1066 y 526 h 50 w 67;※ 0_Haller-07_PT04_170.djvu 00016 (16) new
Haller-07 001:00015  [**];file:../../DjVu/Haller-07.djvu?djvuopts=&highlight=01118,00528,00062,00072&page=001;Haller-07.djvu p 1 x 1118 y 528 h 62 w 72;※ 0_Haller-07_PT04_170.djvu 00017 (17) new
Haller-07 001:00016  [,];file:../../DjVu/Haller-07.djvu?djvuopts=&highlight=01118,00586,00002,00004&page=001;Haller-07.djvu p 1 x 1118 y 586 h 2 w 4;※ 0_Haller-07_PT04_170.djvu 00018 (18) new
Haller-07 001:00017  [,];file:../../DjVu/Haller-07.djvu?djvuopts=&highlight=01119,00554,00003,00002&page=001;Haller-07.djvu p 1 x 1119 y 554 h 3 w 2;※ 0_Haller-07_PT04_170.djvu 00019 (19) add
Haller-07 001:00018  [t^];file:../../DjVu/Haller-07.djvu?djvuopts=&highlight=01188,00528,00069,00056&page=001;Haller-07.djvu p 1 x 1188 y 528 h 69 w 56;※ 0_Haller-07_PT04_170.djvu 00020 (20) new
Haller-07 001:00019  [te];file:../../DjVu/Haller-07.djvu?djvuopts=&highlight=01270,00523,00079,00062&page=001;Haller-07.djvu p 1 x 1270 y 523 h 79 w 62;※ 0_Haller-07_PT04_170.djvu 00021 (21) new
Haller-07 001:00020  [e];file:../../DjVu/Haller-07.djvu?djvuopts=&highlight=01360,00523,00085,00069&page=001;Haller-07.djvu p 1 x 1360 y 523 h 85 w 69;※ 0_Haller-07_PT04_170.djvu 00022 (22) new
Haller-07 001:00021  [YA];file:../../DjVu/Haller-07.djvu?djvuopts=&highlight=01459,00532,00050,00055&page=001;Haller-07.djvu p 1 x 1459 y 532 h 50 w 55;※ 0_Haller-07_PT04_170.djvu 00023 (23) new
Haller-07 001:00022  [e3];file:../../DjVu/Haller-07.djvu?djvuopts=&highlight=01525,00534,00053,00053&page=001;Haller-07.djvu p 1 x 1525 y 534 h 53 w 53;※ 0_Haller-07_PT04_170.djvu 00024 (24) new
Haller-07 001:00023  [P];file:../../DjVu/Haller-07.djvu?djvuopts=&highlight=01593,00531,00048,00055&page=001;Haller-07.djvu p 1 x 1593 y 531 h 48 w 55;※ 0_Haller-07_PT04_170.djvu 00025 (25) new
Haller-07 001:00024  [«l];file:../../DjVu/Haller-07.djvu?djvuopts=&highlight=01650,00529,00062,00061&page=001;Haller-07.djvu p 1 x 1650 y 529 h 62 w 61;※ 0_Haller-07_PT04_170.djvu 00026 (26) new
Haller-07 001:00025  [t];file:../../DjVu/Haller-07.djvu?djvuopts=&highlight=01731,00533,00042,00049&page=001;Haller-07.djvu p 1 x 1731 y 533 h 42 w 49;※ 0_Haller-07_PT04_170.djvu 00027 (27) new
Haller-07 001:00026  [Y];file:../../DjVu/Haller-07.djvu?djvuopts=&highlight=01784,00528,00037,00058&page=001;Haller-07.djvu p 1 x 1784 y 528 h 37 w 58;※ 0_Haller-07_PT04_170.djvu 00028 (28) new
Haller-07 001:00027  [y./];file:../../DjVu/Haller-07.djvu?djvuopts=&highlight=01834,00534,00051,00058&page=001;Haller-07.djvu p 1 x 1834 y 534 h 51 w 58;※ 0_Haller-07_PT04_170.djvu 00029 (29) new
Haller-07 001:00028  [1];file:../../DjVu/Haller-07.djvu?djvuopts=&highlight=00164,00494,00017,00016&page=001;Haller-07.djvu p 1 x 164 y 494 h 17 w 16;※ 0_Haller-07_PT04_170.djvu 00030 (30) new
Haller-07 001:00029  [MEN];file:../../DjVu/Haller-07.djvu?djvuopts=&highlight=01182,00506,00008,00002&page=001;Haller-07.djvu p 1 x 1182 y 506 h 8 w 2;※ 0_Haller-07_PT04_170.djvu 00031 (31) new
Haller-07 001:00030  [0];file:../../DjVu/Haller-07.djvu?djvuopts=&highlight=01325,00507,00007,00002&page=001;Haller-07.djvu p 1 x 1325 y 507 h 7 w 2;※ 0_Haller-07_PT04_170.djvu 00032 (32) new
Haller-07 001:00031  [d];file:../../DjVu/Haller-07.djvu?djvuopts=&highlight=01334,00507,00005,00002&page=001;Haller-07.djvu p 1 x 1334 y 507 h 5 w 2;※ 0_Haller-07_PT04_170.djvu 00033 (33) new
Haller-07 001:00032  [a];file:../../DjVu/Haller-07.djvu?djvuopts=&highlight=00058,00423,00025,00035&page=001;Haller-07.djvu p 1 x 58 y 423 h 25 w 35;※ 0_Haller-07_PT04_170.djvu 00034 (34) new
Haller-07 001:00033  [a];file:../../DjVu/Haller-07.djvu?djvuopts=&highlight=00090,00434,00037,00025&page=001;Haller-07.djvu p 1 x 90 y 434 h 37 w 25;※ 0_Haller-07_PT04_170.djvu 00035 (35) add
Haller-07 001:00034  [];file:../../DjVu/Haller-07.djvu?djvuopts=&highlight=00094,00460,00019,00011&page=001;Haller-07.djvu p 1 x 94 y 460 h 19 w 11;※ 0_Haller-07_PT04_170.djvu 00036 (36) new
Haller-07 001:00035  [t];file:../../DjVu/Haller-07.djvu?djvuopts=&highlight=00121,00467,00005,00015&page=001;Haller-07.djvu p 1 x 121 y 467 h 5 w 15;※ 0_Haller-07_PT04_170.djvu 00037 (37) new
Haller-07 001:00036  [t];file:../../DjVu/Haller-07.djvu?djvuopts=&highlight=00126,00434,00035,00027&page=001;Haller-07.djvu p 1 x 126 y 434 h 35 w 27;※ 0_Haller-07_PT04_170.djvu 00038 (38) add
Haller-07 001:00037  [NP];file:../../DjVu/Haller-07.djvu?djvuopts=&highlight=00130,00468,00021,00008&page=001;Haller-07.djvu p 1 x 130 y 468 h 21 w 8;※ 0_Haller-07_PT04_170.djvu 00039 (39) new
Haller-07 001:00038  [^];file:../../DjVu/Haller-07.djvu?djvuopts=&highlight=00164,00425,00029,00051&page=001;Haller-07.djvu p 1 x 164 y 425 h 29 w 51;※ 0_Haller-07_PT04_170.djvu 00040 (40) new
Haller-07 001:00039  [h];file:../../DjVu/Haller-07.djvu?djvuopts=&highlight=00205,00425,00026,00047&page=001;Haller-07.djvu p 1 x 205 y 425 h 26 w 47;※ 0_Haller-07_PT04_170.djvu 00041 (41) new
Haller-07 001:00040 [b];file:../../DjVu/Haller-07.djvu?djvuopts=&highlight=00240,00424,00032,00052&page=001;+ Haller-07.djvu p 1 x 240 y 424 h 32 w 52;※ 0_Haller-07_PT04_170.djvu 00042 (42) new
Haller-07 001:00041  [(];file:../../DjVu/Haller-07.djvu?djvuopts=&highlight=00283,00426,00021,00036&page=001;Haller-07.djvu p 1 x 283 y 426 h 21 w 36;※ 0_Haller-07_PT04_170.djvu 00043 (43) new
Haller-07 001:00042  [C];file:../../DjVu/Haller-07.djvu?djvuopts=&highlight=00315,00425,00024,00039&page=001;Haller-07.djvu p 1 x 315 y 425 h 24 w 39;※ 0_Haller-07_PT04_170.djvu 00044 (44) new
Haller-07 001:00043  [C];file:../../DjVu/Haller-07.djvu?djvuopts=&highlight=00320,00458,00011,00017&page=001;Haller-07.djvu p 1 x 320 y 458 h 11 w 17;※ 0_Haller-07_PT04_170.djvu 00045 (45) add
Haller-07 001:00044  [C];file:../../DjVu/Haller-07.djvu?djvuopts=&highlight=00352,00424,00026,00051&page=001;Haller-07.djvu p 1 x 352 y 424 h 26 w 51;※ 0_Haller-07_PT04_170.djvu 00046 (46) new
Haller-07 001:00045  [d];file:../../DjVu/Haller-07.djvu?djvuopts=&highlight=00390,00427,00033,00055&page=001;Haller-07.djvu p 1 x 390 y 427 h 33 w 55;※ 0_Haller-07_PT04_170.djvu 00047 (47) new
Haller-07 001:00046  [»];file:../../DjVu/Haller-07.djvu?djvuopts=&highlight=00434,00428,00028,00038&page=001;Haller-07.djvu p 1 x 434 y 428 h 28 w 38;※ 0_Haller-07_PT04_170.djvu 00048 (48) new
Haller-07 001:00047 [Ü];file:../../DjVu/Haller-07.djvu?djvuopts=&highlight=00474,00427,00029,00052&page=001;+ Haller-07.djvu p 1 x 474 y 427 h 29 w 52;※ 0_Haller-07_PT04_170.djvu 00049 (49) new
Haller-07 001:00048  [Ü];file:../../DjVu/Haller-07.djvu?djvuopts=&highlight=00515,00445,00036,00021&page=001;Haller-07.djvu p 1 x 515 y 445 h 36 w 21;※ 0_Haller-07_PT04_170.djvu 00050 (50) add
Haller-07 001:00049  [Ü];file:../../DjVu/Haller-07.djvu?djvuopts=&highlight=00547,00444,00039,00023&page=001;Haller-07.djvu p 1 x 547 y 444 h 39 w 23;※ 0_Haller-07_PT04_170.djvu 00051 (51) add
Haller-07 001:00050  [Ü];file:../../DjVu/Haller-07.djvu?djvuopts=&highlight=00551,00462,00010,00017&page=001;Haller-07.djvu p 1 x 551 y 462 h 10 w 17;※ 0_Haller-07_PT04_170.djvu 00052 (52) add
Haller-07 001:00051  [É];file:../../DjVu/Haller-07.djvu?djvuopts=&highlight=00581,00428,00024,00052&page=001;Haller-07.djvu p 1 x 581 y 428 h 24 w 52;※ 0_Haller-07_PT04_170.djvu 00053 (53) new
Haller-07 001:00052  [f];file:../../DjVu/Haller-07.djvu?djvuopts=&highlight=00614,00430,00021,00052&page=001;Haller-07.djvu p 1 x 614 y 430 h 21 w 52;※ 0_Haller-07_PT04_170.djvu 00054 (54) new
Haller-07 001:00053  [(f];file:../../DjVu/Haller-07.djvu?djvuopts=&highlight=00642,00432,00036,00047&page=001;Haller-07.djvu p 1 x 642 y 432 h 36 w 47;※ 0_Haller-07_PT04_170.djvu 00055 (55) new
Haller-07 001:00054  [J|];file:../../DjVu/Haller-07.djvu?djvuopts=&highlight=00687,00430,00029,00054&page=001;Haller-07.djvu p 1 x 687 y 430 h 29 w 54;※ 0_Haller-07_PT04_170.djvu 00056 (56) new
Haller-07 001:00055  [a];file:../../DjVu/Haller-07.djvu?djvuopts=&highlight=00727,00418,00028,00050&page=001;Haller-07.djvu p 1 x 727 y 418 h 28 w 50;※ 0_Haller-07_PT04_170.djvu 00057 (57) new
Haller-07 001:00056  [Ó];file:../../DjVu/Haller-07.djvu?djvuopts=&highlight=00764,00418,00032,00065&page=001;Haller-07.djvu p 1 x 764 y 418 h 32 w 65;※ 0_Haller-07_PT04_170.djvu 00058 (58) new
Haller-07 001:00057  [b];file:../../DjVu/Haller-07.djvu?djvuopts=&highlight=00809,00432,00033,00048&page=001;Haller-07.djvu p 1 x 809 y 432 h 33 w 48;※ 0_Haller-07_PT04_170.djvu 00059 (59) new
Haller-07 001:00058 [b];file:../../DjVu/Haller-07.djvu?djvuopts=&highlight=842,417,43,75&page=1;+ Haller-07.djvu p 1 x 850 y 452 h 53 w 33;※ 0_Haller-07_PT04_170.djvu 00060 (60) add
Haller-07 001:00059  [H];file:../../DjVu/Haller-07.djvu?djvuopts=&highlight=00894,00434,00034,00053&page=001;Haller-07.djvu p 1 x 894 y 434 h 34 w 53;※ 0_Haller-07_PT04_170.djvu 00061 (61) new
Haller-07 001:00060  [];file:../../DjVu/Haller-07.djvu?djvuopts=&highlight=00939,00432,00013,00040&page=001;Haller-07.djvu p 1 x 939 y 432 h 13 w 40;※ 0_Haller-07_PT04_170.djvu 00062 (62) new
Haller-07 001:00061  [];file:../../DjVu/Haller-07.djvu?djvuopts=&highlight=00946,00474,00006,00006&page=001;Haller-07.djvu p 1 x 946 y 474 h 6 w 6;※ 0_Haller-07_PT04_170.djvu 00063 (63) new
Haller-07 001:00062  [Í];file:../../DjVu/Haller-07.djvu?djvuopts=&highlight=00965,00432,00017,00056&page=001;Haller-07.djvu p 1 x 965 y 432 h 17 w 56;※ 0_Haller-07_PT04_170.djvu 00064 (64) new
Haller-07 001:00063  [u];file:../../DjVu/Haller-07.djvu?djvuopts=&highlight=00993,00423,00028,00049&page=001;Haller-07.djvu p 1 x 993 y 423 h 28 w 49;※ 0_Haller-07_PT04_170.djvu 00065 (65) new
Haller-07 001:00064  [,];file:../../DjVu/Haller-07.djvu?djvuopts=&highlight=01000,00475,00007,00011&page=001;Haller-07.djvu p 1 x 1000 y 475 h 7 w 11;※ 0_Haller-07_PT04_170.djvu 00066 (66) new
Haller-07 001:00065  [p];file:../../DjVu/Haller-07.djvu?djvuopts=&highlight=01013,00478,00006,00007&page=001;Haller-07.djvu p 1 x 1013 y 478 h 6 w 7;※ 0_Haller-07_PT04_170.djvu 00067 (67) new
Haller-07 001:00066  [j];file:../../DjVu/Haller-07.djvu?djvuopts=&highlight=01032,00420,00018,00064&page=001;Haller-07.djvu p 1 x 1032 y 420 h 18 w 64;※ 0_Haller-07_PT04_170.djvu 00068 (68) new
Haller-07 001:00017  [j];file:../../DjVu/Haller-07.djvu?djvuopts=&highlight=01038,00482,00003,00002&page=001;Haller-07.djvu p 1 x 1038 y 482 h 3 w 2;※ 0_Haller-07_PT04_170.djvu 00069 (69) copy
Haller-07 001:00067  [R];file:../../DjVu/Haller-07.djvu?djvuopts=&highlight=01061,00432,00029,00050&page=001;Haller-07.djvu p 1 x 1061 y 432 h 29 w 50;※ 0_Haller-07_PT04_170.djvu 00070 (70) new
Haller-07 001:00068  [4];file:../../DjVu/Haller-07.djvu?djvuopts=&highlight=01102,00434,00012,00048&page=001;Haller-07.djvu p 1 x 1102 y 434 h 12 w 48;※ 0_Haller-07_PT04_170.djvu 00071 (71) new
Haller-07 001:00069  [r];file:../../DjVu/Haller-07.djvu?djvuopts=&highlight=01125,00435,00022,00045&page=001;Haller-07.djvu p 1 x 1125 y 435 h 22 w 45;※ 0_Haller-07_PT04_170.djvu 00072 (72) new
Haller-07 001:00070  [(T1];file:../../DjVu/Haller-07.djvu?djvuopts=&highlight=01156,00434,00044,00038&page=001;Haller-07.djvu p 1 x 1156 y 434 h 44 w 38;※ 0_Haller-07_PT04_170.djvu 00073 (73) new
Haller-07 001:00071  [Iti];file:../../DjVu/Haller-07.djvu?djvuopts=&highlight=01211,00434,00048,00040&page=001;Haller-07.djvu p 1 x 1211 y 434 h 48 w 40;※ 0_Haller-07_PT04_170.djvu 00074 (74) new
Haller-07 001:00072  [AZ];file:../../DjVu/Haller-07.djvu?djvuopts=&highlight=01225,00476,00023,00015&page=001;Haller-07.djvu p 1 x 1225 y 476 h 23 w 15;※ 0_Haller-07_PT04_170.djvu 00075 (75) new
Haller-07 001:00073  [1]];file:../../DjVu/Haller-07.djvu?djvuopts=&highlight=01269,00435,00028,00040&page=001;Haller-07.djvu p 1 x 1269 y 435 h 28 w 40;※ 0_Haller-07_PT04_170.djvu 00076 (76) new
Haller-07 001:00074  [t1];file:../../DjVu/Haller-07.djvu?djvuopts=&highlight=01308,00436,00026,00037&page=001;Haller-07.djvu p 1 x 1308 y 436 h 26 w 37;※ 0_Haller-07_PT04_170.djvu 00077 (77) new
Haller-07 001:00075  [t1];file:../../DjVu/Haller-07.djvu?djvuopts=&highlight=01310,00465,00010,00019&page=001;Haller-07.djvu p 1 x 1310 y 465 h 10 w 19;※ 0_Haller-07_PT04_170.djvu 00078 (78) add
Haller-07 001:00076  [t1];file:../../DjVu/Haller-07.djvu?djvuopts=&highlight=01343,00446,00038,00029&page=001;Haller-07.djvu p 1 x 1343 y 446 h 38 w 29;※ 0_Haller-07_PT04_170.djvu 00079 (79) add
Haller-07 001:00077  [e];file:../../DjVu/Haller-07.djvu?djvuopts=&highlight=01345,00478,00010,00010&page=001;Haller-07.djvu p 1 x 1345 y 478 h 10 w 10;※ 0_Haller-07_PT04_170.djvu 00080 (80) new
Haller-07 001:00078  [eu];file:../../DjVu/Haller-07.djvu?djvuopts=&highlight=01361,00480,00010,00008&page=001;Haller-07.djvu p 1 x 1361 y 480 h 10 w 8;※ 0_Haller-07_PT04_170.djvu 00081 (81) new
Haller-07 001:00079  [.];file:../../DjVu/Haller-07.djvu?djvuopts=&highlight=01384,00436,00025,00036&page=001;Haller-07.djvu p 1 x 1384 y 436 h 25 w 36;※ 0_Haller-07_PT04_170.djvu 00082 (82) new
Haller-07 001:00080  [Q];file:../../DjVu/Haller-07.djvu?djvuopts=&highlight=01421,00437,00026,00033&page=001;Haller-07.djvu p 1 x 1421 y 437 h 26 w 33;※ 0_Haller-07_PT04_170.djvu 00083 (83) new
Haller-07 001:00081  [];file:../../DjVu/Haller-07.djvu?djvuopts=&highlight=01429,00478,00013,00006&page=001;Haller-07.djvu p 1 x 1429 y 478 h 13 w 6;※ 0_Haller-07_PT04_170.djvu 00084 (84) new
Haller-07 001:00082  [];file:../../DjVu/Haller-07.djvu?djvuopts=&highlight=01458,00445,00037,00028&page=001;Haller-07.djvu p 1 x 1458 y 445 h 37 w 28;※ 0_Haller-07_PT04_170.djvu 00085 (85) add
Haller-07 001:00083  [];file:../../DjVu/Haller-07.djvu?djvuopts=&highlight=01463,00467,00011,00020&page=001;Haller-07.djvu p 1 x 1463 y 467 h 11 w 20;※ 0_Haller-07_PT04_170.djvu 00086 (86) add
Haller-07 001:00084  [D];file:../../DjVu/Haller-07.djvu?djvuopts=&highlight=01496,00424,00029,00050&page=001;Haller-07.djvu p 1 x 1496 y 424 h 29 w 50;※ 0_Haller-07_PT04_170.djvu 00087 (87) new
Haller-07 001:00085  [D];file:../../DjVu/Haller-07.djvu?djvuopts=&highlight=01536,00446,00050,00028&page=001;Haller-07.djvu p 1 x 1536 y 446 h 50 w 28;※ 0_Haller-07_PT04_170.djvu 00088 (88) add
Haller-07 001:00086  [D];file:../../DjVu/Haller-07.djvu?djvuopts=&highlight=01537,00466,00010,00021&page=001;Haller-07.djvu p 1 x 1537 y 466 h 10 w 21;※ 0_Haller-07_PT04_170.djvu 00089 (89) add
Haller-07 001:00087  [p];file:../../DjVu/Haller-07.djvu?djvuopts=&highlight=01572,00424,00033,00068&page=001;Haller-07.djvu p 1 x 1572 y 424 h 33 w 68;※ 0_Haller-07_PT04_170.djvu 00090 (90) new
Haller-07 001:00088  [p];file:../../DjVu/Haller-07.djvu?djvuopts=&highlight=01615,00447,00052,00031&page=001;Haller-07.djvu p 1 x 1615 y 447 h 52 w 31;※ 0_Haller-07_PT04_170.djvu 00091 (91) add
Haller-07 001:00089  [P];file:../../DjVu/Haller-07.djvu?djvuopts=&highlight=01653,00426,00042,00050&page=001;Haller-07.djvu p 1 x 1653 y 426 h 42 w 50;※ 0_Haller-07_PT04_170.djvu 00092 (92) new
Haller-07 001:00090  [IJ];file:../../DjVu/Haller-07.djvu?djvuopts=&highlight=01709,00427,00043,00049&page=001;Haller-07.djvu p 1 x 1709 y 427 h 43 w 49;※ 0_Haller-07_PT04_170.djvu 00093 (93) new
Haller-07 001:00091  [Q];file:../../DjVu/Haller-07.djvu?djvuopts=&highlight=01762,00426,00029,00046&page=001;Haller-07.djvu p 1 x 1762 y 426 h 29 w 46;※ 0_Haller-07_PT04_170.djvu 00094 (94) new
Haller-07 001:00092  [|];file:../../DjVu/Haller-07.djvu?djvuopts=&highlight=01803,00424,00034,00050&page=001;Haller-07.djvu p 1 x 1803 y 424 h 34 w 50;※ 0_Haller-07_PT04_170.djvu 00095 (95) new
Haller-07 001:00093  [|];file:../../DjVu/Haller-07.djvu?djvuopts=&highlight=01811,00468,00009,00019&page=001;Haller-07.djvu p 1 x 1811 y 468 h 9 w 19;※ 0_Haller-07_PT04_170.djvu 00096 (96) add
Haller-07 001:00094  [|];file:../../DjVu/Haller-07.djvu?djvuopts=&highlight=01848,00446,00048,00028&page=001;Haller-07.djvu p 1 x 1848 y 446 h 48 w 28;※ 0_Haller-07_PT04_170.djvu 00097 (97) add
Haller-07 001:00095  [];file:../../DjVu/Haller-07.djvu?djvuopts=&highlight=01865,00475,00008,00009&page=001;Haller-07.djvu p 1 x 1865 y 475 h 8 w 9;※ 0_Haller-07_PT04_170.djvu 00098 (98) new
Haller-07 001:00096  [];file:../../DjVu/Haller-07.djvu?djvuopts=&highlight=01889,00444,00051,00032&page=001;Haller-07.djvu p 1 x 1889 y 444 h 51 w 32;※ 0_Haller-07_PT04_170.djvu 00099 (99) add
Haller-07 001:00097  [quer];file:../../DjVu/Haller-07.djvu?djvuopts=&highlight=01890,00478,00025,00011&page=001;Haller-07.djvu p 1 x 1890 y 478 h 25 w 11;※ 0_Haller-07_PT04_170.djvu 00100 (100) new
Haller-07 001:00098  [à];file:../../DjVu/Haller-07.djvu?djvuopts=&highlight=01931,00424,00034,00068&page=001;Haller-07.djvu p 1 x 1931 y 424 h 34 w 68;※ 0_Haller-07_PT04_170.djvu 00101 (101) new
Haller-07 001:00099  [(P];file:../../DjVu/Haller-07.djvu?djvuopts=&highlight=00060,00320,00042,00048&page=001;Haller-07.djvu p 1 x 60 y 320 h 42 w 48;※ 0_Haller-07_PT04_170.djvu 00102 (102) new
Haller-07 001:00100  [(b];file:../../DjVu/Haller-07.djvu?djvuopts=&highlight=00110,00320,00045,00048&page=001;Haller-07.djvu p 1 x 110 y 320 h 45 w 48;※ 0_Haller-07_PT04_170.djvu 00103 (103) new
Haller-07 001:00101  [(B];file:../../DjVu/Haller-07.djvu?djvuopts=&highlight=00166,00318,00049,00052&page=001;Haller-07.djvu p 1 x 166 y 318 h 49 w 52;※ 0_Haller-07_PT04_170.djvu 00104 (104) new
Haller-07 001:00102  [];file:../../DjVu/Haller-07.djvu?djvuopts=&highlight=00175,00374,00028,00011&page=001;Haller-07.djvu p 1 x 175 y 374 h 28 w 11;※ 0_Haller-07_PT04_170.djvu 00105 (105) new
Haller-07 001:00103  [aD];file:../../DjVu/Haller-07.djvu?djvuopts=&highlight=00224,00320,00055,00053&page=001;Haller-07.djvu p 1 x 224 y 320 h 55 w 53;※ 0_Haller-07_PT04_170.djvu 00106 (106) new
Haller-07 001:00104  [(];file:../../DjVu/Haller-07.djvu?djvuopts=&highlight=00241,00372,00020,00016&page=001;Haller-07.djvu p 1 x 241 y 372 h 20 w 16;※ 0_Haller-07_PT04_170.djvu 00107 (107) new
Haller-07 001:00105  [[];file:../../DjVu/Haller-07.djvu?djvuopts=&highlight=00289,00332,00017,00036&page=001;Haller-07.djvu p 1 x 289 y 332 h 17 w 36;※ 0_Haller-07_PT04_170.djvu 00108 (108) new
Haller-07 001:00106  [?];file:../../DjVu/Haller-07.djvu?djvuopts=&highlight=00318,00332,00022,00046&page=001;Haller-07.djvu p 1 x 318 y 332 h 22 w 46;※ 0_Haller-07_PT04_170.djvu 00109 (109) new
Haller-07 001:00107  [2];file:../../DjVu/Haller-07.djvu?djvuopts=&highlight=00350,00334,00016,00035&page=001;Haller-07.djvu p 1 x 350 y 334 h 16 w 35;※ 0_Haller-07_PT04_170.djvu 00110 (110) new
Haller-07 001:00108  [];file:../../DjVu/Haller-07.djvu?djvuopts=&highlight=00379,00370,00013,00010&page=001;Haller-07.djvu p 1 x 379 y 370 h 13 w 10;※ 0_Haller-07_PT04_170.djvu 00111 (111) new
Haller-07 001:00109  [];file:../../DjVu/Haller-07.djvu?djvuopts=&highlight=00379,00352,00034,00014&page=001;Haller-07.djvu p 1 x 379 y 352 h 34 w 14;※ 0_Haller-07_PT04_170.djvu 00112 (112) add
Haller-07 001:00110  [e];file:../../DjVu/Haller-07.djvu?djvuopts=&highlight=00403,00332,00025,00039&page=001;Haller-07.djvu p 1 x 403 y 332 h 25 w 39;※ 0_Haller-07_PT04_170.djvu 00113 (113) new
Haller-07 001:00111  [í];file:../../DjVu/Haller-07.djvu?djvuopts=&highlight=00440,00332,00020,00052&page=001;Haller-07.djvu p 1 x 440 y 332 h 20 w 52;※ 0_Haller-07_PT04_170.djvu 00114 (114) new
Haller-07 001:00112  [(b];file:../../DjVu/Haller-07.djvu?djvuopts=&highlight=00465,00332,00047,00052&page=001;Haller-07.djvu p 1 x 465 y 332 h 47 w 52;※ 0_Haller-07_PT04_170.djvu 00115 (115) new
Haller-07 001:00113 [];file:../../DjVu/Haller-07.djvu?djvuopts=&highlight=519,312,51,83&page=1;+ Haller-07.djvu p 1 x 522 y 333 h 10 w 42;※ 0_Haller-07_PT04_170.djvu 00116 (116) new
Haller-07 001:00114  [5];file:../../DjVu/Haller-07.djvu?djvuopts=&highlight=00537,00333,00027,00046&page=001;Haller-07.djvu p 1 x 537 y 333 h 27 w 46;※ 0_Haller-07_PT04_170.djvu 00117 (117) new
Haller-07 001:00115  [(1];file:../../DjVu/Haller-07.djvu?djvuopts=&highlight=00575,00333,00029,00050&page=001;Haller-07.djvu p 1 x 575 y 333 h 29 w 50;※ 0_Haller-07_PT04_170.djvu 00118 (118) new
Haller-07 001:00116  [fT];file:../../DjVu/Haller-07.djvu?djvuopts=&highlight=00616,00335,00040,00055&page=001;Haller-07.djvu p 1 x 616 y 335 h 40 w 55;※ 0_Haller-07_PT04_170.djvu 00119 (119) new
Haller-07 001:00117  [ft];file:../../DjVu/Haller-07.djvu?djvuopts=&highlight=00664,00334,00033,00052&page=001;Haller-07.djvu p 1 x 664 y 334 h 33 w 52;※ 0_Haller-07_PT04_170.djvu 00120 (120) new
Haller-07 001:00118  [p];file:../../DjVu/Haller-07.djvu?djvuopts=&highlight=00707,00333,00028,00057&page=001;Haller-07.djvu p 1 x 707 y 333 h 28 w 57;※ 0_Haller-07_PT04_170.djvu 00121 (121) new
Haller-07 001:00119  [6];file:../../DjVu/Haller-07.djvu?djvuopts=&highlight=00743,00332,00032,00060&page=001;Haller-07.djvu p 1 x 743 y 332 h 32 w 60;※ 0_Haller-07_PT04_170.djvu 00122 (122) new
Haller-07 001:00120  [f];file:../../DjVu/Haller-07.djvu?djvuopts=&highlight=00787,00336,00019,00042&page=001;Haller-07.djvu p 1 x 787 y 336 h 19 w 42;※ 0_Haller-07_PT04_170.djvu 00123 (123) new
Haller-07 001:00121  [[];file:../../DjVu/Haller-07.djvu?djvuopts=&highlight=00816,00338,00026,00050&page=001;Haller-07.djvu p 1 x 816 y 338 h 26 w 50;※ 0_Haller-07_PT04_170.djvu 00124 (124) new
Haller-07 001:00122  [f];file:../../DjVu/Haller-07.djvu?djvuopts=&highlight=00849,00336,00020,00050&page=001;Haller-07.djvu p 1 x 849 y 336 h 20 w 50;※ 0_Haller-07_PT04_170.djvu 00125 (125) new
Haller-07 001:00123  [f];file:../../DjVu/Haller-07.djvu?djvuopts=&highlight=00880,00348,00038,00028&page=001;Haller-07.djvu p 1 x 880 y 348 h 38 w 28;※ 0_Haller-07_PT04_170.djvu 00126 (126) add
Haller-07 001:00124  [M];file:../../DjVu/Haller-07.djvu?djvuopts=&highlight=00917,00337,00031,00038&page=001;Haller-07.djvu p 1 x 917 y 337 h 31 w 38;※ 0_Haller-07_PT04_170.djvu 00127 (127) new
Haller-07 001:00125  [M];file:../../DjVu/Haller-07.djvu?djvuopts=&highlight=00922,00367,00009,00020&page=001;Haller-07.djvu p 1 x 922 y 367 h 9 w 20;※ 0_Haller-07_PT04_170.djvu 00128 (128) add
Haller-07 001:00126  [M];file:../../DjVu/Haller-07.djvu?djvuopts=&highlight=00959,00348,00038,00027&page=001;Haller-07.djvu p 1 x 959 y 348 h 38 w 27;※ 0_Haller-07_PT04_170.djvu 00129 (129) add
Haller-07 001:00127  [M];file:../../DjVu/Haller-07.djvu?djvuopts=&highlight=00964,00370,00010,00018&page=001;Haller-07.djvu p 1 x 964 y 370 h 10 w 18;※ 0_Haller-07_PT04_170.djvu 00130 (130) add
Haller-07 001:00128  [wv];file:../../DjVu/Haller-07.djvu?djvuopts=&highlight=00994,00340,00035,00038&page=001;Haller-07.djvu p 1 x 994 y 340 h 35 w 38;※ 0_Haller-07_PT04_170.djvu 00131 (131) new
Haller-07 001:00129  [»];file:../../DjVu/Haller-07.djvu?djvuopts=&highlight=01038,00338,00037,00056&page=001;Haller-07.djvu p 1 x 1038 y 338 h 37 w 56;※ 0_Haller-07_PT04_170.djvu 00132 (132) new
Haller-07 001:00130  [Y];file:../../DjVu/Haller-07.djvu?djvuopts=&highlight=01084,00332,00026,00045&page=001;Haller-07.djvu p 1 x 1084 y 332 h 26 w 45;※ 0_Haller-07_PT04_170.djvu 00133 (133) new
Haller-07 001:00131  [Y];file:../../DjVu/Haller-07.djvu?djvuopts=&highlight=01121,00326,00029,00052&page=001;Haller-07.djvu p 1 x 1121 y 326 h 29 w 52;※ 0_Haller-07_PT04_170.djvu 00134 (134) new
Haller-07 001:00132  [j];file:../../DjVu/Haller-07.djvu?djvuopts=&highlight=01160,00328,00020,00050&page=001;Haller-07.djvu p 1 x 1160 y 328 h 20 w 50;※ 0_Haller-07_PT04_170.djvu 00135 (135) new
Haller-07 001:00133  [»,];file:../../DjVu/Haller-07.djvu?djvuopts=&highlight=01192,00333,00028,00041&page=001;Haller-07.djvu p 1 x 1192 y 333 h 28 w 41;※ 0_Haller-07_PT04_170.djvu 00136 (136) new
Haller-07 001:00134  [^,];file:../../DjVu/Haller-07.djvu?djvuopts=&highlight=01228,00328,00034,00050&page=001;Haller-07.djvu p 1 x 1228 y 328 h 34 w 50;※ 0_Haller-07_PT04_170.djvu 00137 (137) new
Haller-07 001:00135  [BUMP];file:../../DjVu/Haller-07.djvu?djvuopts=&highlight=01231,00380,00032,00013&page=001;Haller-07.djvu p 1 x 1231 y 380 h 32 w 13;※ 0_Haller-07_PT04_170.djvu 00138 (138) new
Haller-07 001:00136  [7];file:../../DjVu/Haller-07.djvu?djvuopts=&highlight=01273,00338,00027,00039&page=001;Haller-07.djvu p 1 x 1273 y 338 h 27 w 39;※ 0_Haller-07_PT04_170.djvu 00139 (139) new
Haller-07 001:00137  [y];file:../../DjVu/Haller-07.djvu?djvuopts=&highlight=01314,00328,00035,00051&page=001;Haller-07.djvu p 1 x 1314 y 328 h 35 w 51;※ 0_Haller-07_PT04_170.djvu 00140 (140) new
Haller-07 001:00138  [(];file:../../DjVu/Haller-07.djvu?djvuopts=&highlight=01361,00362,00023,00026&page=001;Haller-07.djvu p 1 x 1361 y 362 h 23 w 26;※ 0_Haller-07_PT04_170.djvu 00141 (141) new
Haller-07 001:00139  [(];file:../../DjVu/Haller-07.djvu?djvuopts=&highlight=01422,00328,00015,00060&page=001;Haller-07.djvu p 1 x 1422 y 328 h 15 w 60;※ 0_Haller-07_PT04_170.djvu 00142 (142) new
Haller-07 001:00140  [)];file:../../DjVu/Haller-07.djvu?djvuopts=&highlight=01471,00328,00015,00062&page=001;Haller-07.djvu p 1 x 1471 y 328 h 15 w 62;※ 0_Haller-07_PT04_170.djvu 00143 (143) new
Haller-07 001:00141  [C];file:../../DjVu/Haller-07.djvu?djvuopts=&highlight=01518,00329,00025,00058&page=001;Haller-07.djvu p 1 x 1518 y 329 h 25 w 58;※ 0_Haller-07_PT04_170.djvu 00144 (144) new
Haller-07 001:00142  [)];file:../../DjVu/Haller-07.djvu?djvuopts=&highlight=01567,00332,00024,00056&page=001;Haller-07.djvu p 1 x 1567 y 332 h 24 w 56;※ 0_Haller-07_PT04_170.djvu 00145 (145) new
Haller-07 001:00143  [5];file:../../DjVu/Haller-07.djvu?djvuopts=&highlight=01629,00346,00017,00023&page=001;Haller-07.djvu p 1 x 1629 y 346 h 17 w 23;※ 0_Haller-07_PT04_170.djvu 00146 (146) new
Haller-07 001:00144  [,];file:../../DjVu/Haller-07.djvu?djvuopts=&highlight=01659,00362,00018,00030&page=001;Haller-07.djvu p 1 x 1659 y 362 h 18 w 30;※ 0_Haller-07_PT04_170.djvu 00147 (147) new
Haller-07 001:00145  [e];file:../../DjVu/Haller-07.djvu?djvuopts=&highlight=01661,00343,00015,00016&page=001;Haller-07.djvu p 1 x 1661 y 343 h 15 w 16;※ 0_Haller-07_PT04_170.djvu 00148 (148) new
Haller-07 001:00146  [.];file:../../DjVu/Haller-07.djvu?djvuopts=&highlight=01694,00374,00011,00011&page=001;Haller-07.djvu p 1 x 1694 y 374 h 11 w 11;※ 0_Haller-07_PT04_170.djvu 00149 (149) new
Haller-07 001:00147  [.];file:../../DjVu/Haller-07.djvu?djvuopts=&highlight=01695,00349,00015,00013&page=001;Haller-07.djvu p 1 x 1695 y 349 h 15 w 13;※ 0_Haller-07_PT04_170.djvu 00150 (150) add
Haller-07 001:00148  [)];file:../../DjVu/Haller-07.djvu?djvuopts=&highlight=01726,00332,00013,00027&page=001;Haller-07.djvu p 1 x 1726 y 332 h 13 w 27;※ 0_Haller-07_PT04_170.djvu 00151 (151) new
Haller-07 001:00149  [)];file:../../DjVu/Haller-07.djvu?djvuopts=&highlight=01752,00347,00016,00015&page=001;Haller-07.djvu p 1 x 1752 y 347 h 16 w 15;※ 0_Haller-07_PT04_170.djvu 00152 (152) add
Haller-07 001:00150  [^,];file:../../DjVu/Haller-07.djvu?djvuopts=&highlight=01805,00338,00074,00050&page=001;Haller-07.djvu p 1 x 1805 y 338 h 74 w 50;※ 0_Haller-07_PT04_170.djvu 00153 (153) new
Haller-07 001:00151  [G];file:../../DjVu/Haller-07.djvu?djvuopts=&highlight=01900,00335,00058,00054&page=001;Haller-07.djvu p 1 x 1900 y 335 h 58 w 54;※ 0_Haller-07_PT04_170.djvu 00154 (154) new
Haller-07 001:00152  [P];file:../../DjVu/Haller-07.djvu?djvuopts=&highlight=00724,00233,00003,00003&page=001;Haller-07.djvu p 1 x 724 y 233 h 3 w 3;※ 0_Haller-07_PT04_170.djvu 00155 (155) new
Haller-07 001:00153  [];file:../../DjVu/Haller-07.djvu?djvuopts=&highlight=00720,00229,00005,00004&page=001;Haller-07.djvu p 1 x 720 y 229 h 5 w 4;※ 0_Haller-07_PT04_170.djvu 00156 (156) new
Haller-07 001:00154  [«a];file:../../DjVu/Haller-07.djvu?djvuopts=&highlight=00731,00205,00017,00010&page=001;Haller-07.djvu p 1 x 731 y 205 h 17 w 10;※ 0_Haller-07_PT04_170.djvu 00157 (157) new
Haller-07 001:00155  ["];file:../../DjVu/Haller-07.djvu?djvuopts=&highlight=00747,00222,00004,00004&page=001;Haller-07.djvu p 1 x 747 y 222 h 4 w 4;※ 0_Haller-07_PT04_170.djvu 00158 (158) new
Haller-07 001:00156  [v];file:../../DjVu/Haller-07.djvu?djvuopts=&highlight=00975,00181,00047,00045&page=001;Haller-07.djvu p 1 x 975 y 181 h 47 w 45;※ 0_Haller-07_PT04_170.djvu 00159 (159) new
Haller-07 001:00157  [];file:../../DjVu/Haller-07.djvu?djvuopts=&highlight=00738,00199,00003,00003&page=001;Haller-07.djvu p 1 x 738 y 199 h 3 w 3;※ 0_Haller-07_PT04_170.djvu 00160 (160) new
Haller-07 001:00158  [];file:../../DjVu/Haller-07.djvu?djvuopts=&highlight=00429,00064,00003,00005&page=001;Haller-07.djvu p 1 x 429 y 64 h 3 w 5;※ 0_Haller-07_PT04_170.djvu 00161 (161) new
Haller-07 001:00159  [«];file:../../DjVu/Haller-07.djvu?djvuopts=&highlight=00777,00041,00038,00046&page=001;Haller-07.djvu p 1 x 777 y 41 h 38 w 46;※ 0_Haller-07_PT04_170.djvu 00162 (162) new
Haller-07 001:00160  [P.];file:../../DjVu/Haller-07.djvu?djvuopts=&highlight=00828,00049,00032,00040&page=001;Haller-07.djvu p 1 x 828 y 49 h 32 w 40;※ 0_Haller-07_PT04_170.djvu 00163 (163) new
Haller-07 001:00161  [Ó];file:../../DjVu/Haller-07.djvu?djvuopts=&highlight=00873,00051,00032,00052&page=001;Haller-07.djvu p 1 x 873 y 51 h 32 w 52;※ 0_Haller-07_PT04_170.djvu 00164 (164) new
Haller-07 001:00162  [Ó];file:../../DjVu/Haller-07.djvu?djvuopts=&highlight=00918,00064,00037,00022&page=001;Haller-07.djvu p 1 x 918 y 64 h 37 w 22;※ 0_Haller-07_PT04_170.djvu 00165 (165) add
Haller-07 001:00163  [e];file:../../DjVu/Haller-07.djvu?djvuopts=&highlight=00930,00091,00005,00005&page=001;Haller-07.djvu p 1 x 930 y 91 h 5 w 5;※ 0_Haller-07_PT04_170.djvu 00166 (166) new
Haller-07 001:00164  [D];file:../../DjVu/Haller-07.djvu?djvuopts=&highlight=00955,00041,00034,00057&page=001;Haller-07.djvu p 1 x 955 y 41 h 34 w 57;※ 0_Haller-07_PT04_170.djvu 00167 (167) new
Haller-07 001:00165  [D];file:../../DjVu/Haller-07.djvu?djvuopts=&highlight=01000,00092,00009,00007&page=001;Haller-07.djvu p 1 x 1000 y 92 h 9 w 7;※ 0_Haller-07_PT04_170.djvu 00168 (168) add
Haller-07 001:00166  [D];file:../../DjVu/Haller-07.djvu?djvuopts=&highlight=01003,00073,00041,00011&page=001;Haller-07.djvu p 1 x 1003 y 73 h 41 w 11;※ 0_Haller-07_PT04_170.djvu 00169 (169) add
Haller-07 001:00167  [n];file:../../DjVu/Haller-07.djvu?djvuopts=&highlight=01027,00049,00033,00039&page=001;Haller-07.djvu p 1 x 1027 y 49 h 33 w 39;※ 0_Haller-07_PT04_170.djvu 00170 (170) new
Haller-07 001:00168  [n];file:../../DjVu/Haller-07.djvu?djvuopts=&highlight=01043,00093,00010,00011&page=001;Haller-07.djvu p 1 x 1043 y 93 h 10 w 11;※ 0_Haller-07_PT04_170.djvu 00171 (171) add
Haller-07 001:00169  [bn];file:../../DjVu/Haller-07.djvu?djvuopts=&highlight=01071,00053,00052,00043&page=001;Haller-07.djvu p 1 x 1071 y 53 h 52 w 43;※ 0_Haller-07_PT04_170.djvu 00172 (172) new
Haller-07 001:00170  [e e,];file:../../DjVu/Haller-07.djvu?djvuopts=&highlight=01135,00054,00049,00036&page=001;Haller-07.djvu p 1 x 1135 y 54 h 49 w 36;※ 0_Haller-07_PT04_170.djvu 00173 (173) new
Haller-07 001:00171  [i];file:../../DjVu/Haller-07.djvu?djvuopts=&highlight=01191,00081,00003,00007&page=001;Haller-07.djvu p 1 x 1191 y 81 h 3 w 7;※ 0_Haller-07_PT04_170.djvu 00174 (174) new
Haller-07 001:00172  [y];file:../../DjVu/Haller-07.djvu?djvuopts=&highlight=01197,00035,00029,00067&page=001;Haller-07.djvu p 1 x 1197 y 35 h 29 w 67;※ 0_Haller-07_PT04_170.djvu 00175 (175) new
Haller-07 001:00173  [Cu];file:../../DjVu/Haller-07.djvu?djvuopts=&highlight=00729,00205,00032,00021&page=001;Haller-07.djvu p 1 x 729 y 205 h 32 w 21;※ 0_Haller-07_PT04_170.djvu 00176 (176) new
Haller-07 001:00174  [M D ss zl ILLI];file:../../DjVu/Haller-07.djvu?djvuopts=&highlight=00306,00580,00195,00010&page=001;Haller-07.djvu p 1 x 306 y 580 h 195 w 10;※ 0_Haller-07_PT04_170.djvu 00177 (177) new
Haller-07 001:00175  [P.];file:../../DjVu/Haller-07.djvu?djvuopts=&highlight=00885,00586,00002,00002&page=001;Haller-07.djvu p 1 x 885 y 586 h 2 w 2;※ 0_Haller-07_PT04_170.djvu 00178 (178) new
Haller-07 001:00176  [m];file:../../DjVu/Haller-07.djvu?djvuopts=&highlight=01089,00595,00001,00001&page=001;Haller-07.djvu p 1 x 1089 y 595 h 1 w 1;※ 0_Haller-07_PT04_170.djvu 00179 (179) new
Haller-07 001:00177  [H];file:../../DjVu/Haller-07.djvu?djvuopts=&highlight=01492,00588,00001,00002&page=001;Haller-07.djvu p 1 x 1492 y 588 h 1 w 2;※ 0_Haller-07_PT04_170.djvu 00180 (180) new
Haller-07 001:00178  [H];file:../../DjVu/Haller-07.djvu?djvuopts=&highlight=01877,00499,00001,00002&page=001;Haller-07.djvu p 1 x 1877 y 499 h 1 w 2;※ 0_Haller-07_PT04_170.djvu 00181 (181) new
Haller-07 001:00178  [H];file:../../DjVu/Haller-07.djvu?djvuopts=&highlight=01877,00499,00001,00002&page=001;Haller-07.djvu p 1 x 1877 y 499 h 1 w 2;※ 0_Haller-07_PT04_170.djvu 00182 (182) new
