Hochfeder-05 001:00000  [d];file:../../DjVu/Hochfeder-05.djvu?djvuopts=&highlight=00222,00596,00126,00129&page=001;Hochfeder-05.djvu p 1 x 222 y 596 h 126 w 129;※ 0_Hochfeder-05_PT01_023.djvu 00002 (2) new
Hochfeder-05 001:00001  [É];file:../../DjVu/Hochfeder-05.djvu?djvuopts=&highlight=00368,00596,00136,00122&page=001;Hochfeder-05.djvu p 1 x 368 y 596 h 136 w 122;※ 0_Hochfeder-05_PT01_023.djvu 00003 (3) new
Hochfeder-05 001:00002  [LN];file:../../DjVu/Hochfeder-05.djvu?djvuopts=&highlight=00519,00600,00112,00127&page=001;Hochfeder-05.djvu p 1 x 519 y 600 h 112 w 127;※ 0_Hochfeder-05_PT01_023.djvu 00004 (4) new
Hochfeder-05 001:00003  [12];file:../../DjVu/Hochfeder-05.djvu?djvuopts=&highlight=00659,00604,00136,00127&page=001;Hochfeder-05.djvu p 1 x 659 y 604 h 136 w 127;※ 0_Hochfeder-05_PT01_023.djvu 00005 (5) new
Hochfeder-05 001:00004  [d];file:../../DjVu/Hochfeder-05.djvu?djvuopts=&highlight=00814,00611,00117,00125&page=001;Hochfeder-05.djvu p 1 x 814 y 611 h 117 w 125;※ 0_Hochfeder-05_PT01_023.djvu 00006 (6) new
Hochfeder-05 001:00005  [Pj];file:../../DjVu/Hochfeder-05.djvu?djvuopts=&highlight=00962,00580,00124,00157&page=001;Hochfeder-05.djvu p 1 x 962 y 580 h 124 w 157;※ 0_Hochfeder-05_PT01_023.djvu 00007 (7) new
Hochfeder-05 001:00006  [];file:../../DjVu/Hochfeder-05.djvu?djvuopts=&highlight=01089,00623,00004,00004&page=001;Hochfeder-05.djvu p 1 x 1089 y 623 h 4 w 4;※ 0_Hochfeder-05_PT01_023.djvu 00008 (8) new
Hochfeder-05 001:00007  [£5];file:../../DjVu/Hochfeder-05.djvu?djvuopts=&highlight=01108,00610,00128,00134&page=001;Hochfeder-05.djvu p 1 x 1108 y 610 h 128 w 134;※ 0_Hochfeder-05_PT01_023.djvu 00009 (9) new
Hochfeder-05 001:00008  [|];file:../../DjVu/Hochfeder-05.djvu?djvuopts=&highlight=01202,00640,00001,00003&page=001;Hochfeder-05.djvu p 1 x 1202 y 640 h 1 w 3;※ 0_Hochfeder-05_PT01_023.djvu 00010 (10) new
Hochfeder-05 001:00009  [ID];file:../../DjVu/Hochfeder-05.djvu?djvuopts=&highlight=01262,00612,00130,00141&page=001;Hochfeder-05.djvu p 1 x 1262 y 612 h 130 w 141;※ 0_Hochfeder-05_PT01_023.djvu 00011 (11) new
Hochfeder-05 001:00010  [»];file:../../DjVu/Hochfeder-05.djvu?djvuopts=&highlight=01394,00644,00006,00003&page=001;Hochfeder-05.djvu p 1 x 1394 y 644 h 6 w 3;※ 0_Hochfeder-05_PT01_023.djvu 00012 (12) new
Hochfeder-05 001:00011  [E:];file:../../DjVu/Hochfeder-05.djvu?djvuopts=&highlight=01418,00603,00110,00161&page=001;Hochfeder-05.djvu p 1 x 1418 y 603 h 110 w 161;※ 0_Hochfeder-05_PT01_023.djvu 00013 (13) new
Hochfeder-05 001:00012  [4];file:../../DjVu/Hochfeder-05.djvu?djvuopts=&highlight=01554,00618,00121,00136&page=001;Hochfeder-05.djvu p 1 x 1554 y 618 h 121 w 136;※ 0_Hochfeder-05_PT01_023.djvu 00014 (14) new
Hochfeder-05 001:00013  [AP»];file:../../DjVu/Hochfeder-05.djvu?djvuopts=&highlight=01704,00621,00214,00131&page=001;Hochfeder-05.djvu p 1 x 1704 y 621 h 214 w 131;※ 0_Hochfeder-05_PT01_023.djvu 00015 (15) new
Hochfeder-05 001:00014  [1H];file:../../DjVu/Hochfeder-05.djvu?djvuopts=&highlight=01929,00626,00150,00130&page=001;Hochfeder-05.djvu p 1 x 1929 y 626 h 150 w 130;※ 0_Hochfeder-05_PT01_023.djvu 00016 (16) new
Hochfeder-05 001:00015  [92];file:../../DjVu/Hochfeder-05.djvu?djvuopts=&highlight=02104,00629,00162,00141&page=001;Hochfeder-05.djvu p 1 x 2104 y 629 h 162 w 141;※ 0_Hochfeder-05_PT01_023.djvu 00017 (17) new
Hochfeder-05 001:00016  [MEMMM];file:../../DjVu/Hochfeder-05.djvu?djvuopts=&highlight=02209,00768,00003,00001&page=001;Hochfeder-05.djvu p 1 x 2209 y 768 h 3 w 1;※ 0_Hochfeder-05_PT01_023.djvu 00018 (18) new
Hochfeder-05 001:00017  ["s];file:../../DjVu/Hochfeder-05.djvu?djvuopts=&highlight=02293,00630,00138,00159&page=001;Hochfeder-05.djvu p 1 x 2293 y 630 h 138 w 159;※ 0_Hochfeder-05_PT01_023.djvu 00019 (19) new
Hochfeder-05 001:00018  [9g];file:../../DjVu/Hochfeder-05.djvu?djvuopts=&highlight=02454,00632,00182,00136&page=001;Hochfeder-05.djvu p 1 x 2454 y 632 h 182 w 136;※ 0_Hochfeder-05_PT01_023.djvu 00020 (20) new
Hochfeder-05 001:00019  [£5];file:../../DjVu/Hochfeder-05.djvu?djvuopts=&highlight=02662,00616,00206,00164&page=001;Hochfeder-05.djvu p 1 x 2662 y 616 h 206 w 164;※ 0_Hochfeder-05_PT01_023.djvu 00021 (21) new
Hochfeder-05 001:00020  ["um];file:../../DjVu/Hochfeder-05.djvu?djvuopts=&highlight=02769,00781,00011,00009&page=001;Hochfeder-05.djvu p 1 x 2769 y 781 h 11 w 9;※ 0_Hochfeder-05_PT01_023.djvu 00022 (22) new
Hochfeder-05 001:00021  [IR];file:../../DjVu/Hochfeder-05.djvu?djvuopts=&highlight=02891,00648,00134,00128&page=001;Hochfeder-05.djvu p 1 x 2891 y 648 h 134 w 128;※ 0_Hochfeder-05_PT01_023.djvu 00023 (23) new
Hochfeder-05 001:00022  [C3];file:../../DjVu/Hochfeder-05.djvu?djvuopts=&highlight=03047,00647,00143,00130&page=001;Hochfeder-05.djvu p 1 x 3047 y 647 h 143 w 130;※ 0_Hochfeder-05_PT01_023.djvu 00024 (24) new
Hochfeder-05 001:00023  [4.];file:../../DjVu/Hochfeder-05.djvu?djvuopts=&highlight=03208,00648,00134,00131&page=001;Hochfeder-05.djvu p 1 x 3208 y 648 h 134 w 131;※ 0_Hochfeder-05_PT01_023.djvu 00025 (25) new
Hochfeder-05 001:00024  [an];file:../../DjVu/Hochfeder-05.djvu?djvuopts=&highlight=03229,00787,00018,00012&page=001;Hochfeder-05.djvu p 1 x 3229 y 787 h 18 w 12;※ 0_Hochfeder-05_PT01_023.djvu 00026 (26) new
Hochfeder-05 001:00025  [];file:../../DjVu/Hochfeder-05.djvu?djvuopts=&highlight=03306,00790,00011,00010&page=001;Hochfeder-05.djvu p 1 x 3306 y 790 h 11 w 10;※ 0_Hochfeder-05_PT01_023.djvu 00027 (27) new
Hochfeder-05 001:00026  [Am];file:../../DjVu/Hochfeder-05.djvu?djvuopts=&highlight=03324,00628,00013,00011&page=001;Hochfeder-05.djvu p 1 x 3324 y 628 h 13 w 11;※ 0_Hochfeder-05_PT01_023.djvu 00028 (28) new
Hochfeder-05 001:00027  [el];file:../../DjVu/Hochfeder-05.djvu?djvuopts=&highlight=03354,00650,00159,00139&page=001;Hochfeder-05.djvu p 1 x 3354 y 650 h 159 w 139;※ 0_Hochfeder-05_PT01_023.djvu 00029 (29) new
Hochfeder-05 001:00028  [y d];file:../../DjVu/Hochfeder-05.djvu?djvuopts=&highlight=03534,00651,00137,00135&page=001;Hochfeder-05.djvu p 1 x 3534 y 651 h 137 w 135;※ 0_Hochfeder-05_PT01_023.djvu 00030 (30) new
Hochfeder-05 001:00029  [€»];file:../../DjVu/Hochfeder-05.djvu?djvuopts=&highlight=00946,00610,00009,00009&page=001;Hochfeder-05.djvu p 1 x 946 y 610 h 9 w 9;※ 0_Hochfeder-05_PT01_023.djvu 00031 (31) new
Hochfeder-05 001:00030  [a];file:../../DjVu/Hochfeder-05.djvu?djvuopts=&highlight=00026,00411,00071,00093&page=001;Hochfeder-05.djvu p 1 x 26 y 411 h 71 w 93;※ 0_Hochfeder-05_PT01_023.djvu 00032 (32) new
Hochfeder-05 001:00031  [a];file:../../DjVu/Hochfeder-05.djvu?djvuopts=&highlight=00118,00413,00061,00078&page=001;Hochfeder-05.djvu p 1 x 118 y 413 h 61 w 78;※ 0_Hochfeder-05_PT01_023.djvu 00033 (33) new
Hochfeder-05 001:00032  [];file:../../DjVu/Hochfeder-05.djvu?djvuopts=&highlight=00129,00499,00058,00028&page=001;Hochfeder-05.djvu p 1 x 129 y 499 h 58 w 28;※ 0_Hochfeder-05_PT01_023.djvu 00034 (34) new
Hochfeder-05 001:00033  [a];file:../../DjVu/Hochfeder-05.djvu?djvuopts=&highlight=00209,00413,00057,00088&page=001;Hochfeder-05.djvu p 1 x 209 y 413 h 57 w 88;※ 0_Hochfeder-05_PT01_023.djvu 00035 (35) new
Hochfeder-05 001:00034  [rd];file:../../DjVu/Hochfeder-05.djvu?djvuopts=&highlight=00216,00507,00056,00021&page=001;Hochfeder-05.djvu p 1 x 216 y 507 h 56 w 21;※ 0_Hochfeder-05_PT01_023.djvu 00036 (36) new
Hochfeder-05 001:00035  [b];file:../../DjVu/Hochfeder-05.djvu?djvuopts=&highlight=00285,00414,00076,00115&page=001;Hochfeder-05.djvu p 1 x 285 y 414 h 76 w 115;※ 0_Hochfeder-05_PT01_023.djvu 00037 (37) new
Hochfeder-05 001:00036 [5];file:../../DjVu/Hochfeder-05.djvu?djvuopts=&highlight=00380,00413,00083,00121&page=001;+ Hochfeder-05.djvu p 1 x 380 y 413 h 83 w 121;※ 0_Hochfeder-05_PT01_023.djvu 00038 (38) new
Hochfeder-05 001:00037  ["];file:../../DjVu/Hochfeder-05.djvu?djvuopts=&highlight=00481,00422,00056,00090&page=001;Hochfeder-05.djvu p 1 x 481 y 422 h 56 w 90;※ 0_Hochfeder-05_PT01_023.djvu 00039 (39) new
Hochfeder-05 001:00038  [C];file:../../DjVu/Hochfeder-05.djvu?djvuopts=&highlight=00556,00423,00069,00085&page=001;Hochfeder-05.djvu p 1 x 556 y 423 h 69 w 85;※ 0_Hochfeder-05_PT01_023.djvu 00040 (40) new
Hochfeder-05 001:00039  [JA];file:../../DjVu/Hochfeder-05.djvu?djvuopts=&highlight=00584,00518,00046,00021&page=001;Hochfeder-05.djvu p 1 x 584 y 518 h 46 w 21;※ 0_Hochfeder-05_PT01_023.djvu 00041 (41) new
Hochfeder-05 001:00040  [C];file:../../DjVu/Hochfeder-05.djvu?djvuopts=&highlight=00644,00423,00066,00086&page=001;Hochfeder-05.djvu p 1 x 644 y 423 h 66 w 86;※ 0_Hochfeder-05_PT01_023.djvu 00042 (42) new
Hochfeder-05 001:00041  [];file:../../DjVu/Hochfeder-05.djvu?djvuopts=&highlight=00653,00511,00068,00027&page=001;Hochfeder-05.djvu p 1 x 653 y 511 h 68 w 27;※ 0_Hochfeder-05_PT01_023.djvu 00043 (43) new
Hochfeder-05 001:00042  [d];file:../../DjVu/Hochfeder-05.djvu?djvuopts=&highlight=00729,00424,00086,00122&page=001;Hochfeder-05.djvu p 1 x 729 y 424 h 86 w 122;※ 0_Hochfeder-05_PT01_023.djvu 00044 (44) new
Hochfeder-05 001:00043  [Ó];file:../../DjVu/Hochfeder-05.djvu?djvuopts=&highlight=00838,00426,00080,00123&page=001;Hochfeder-05.djvu p 1 x 838 y 426 h 80 w 123;※ 0_Hochfeder-05_PT01_023.djvu 00045 (45) new
Hochfeder-05 001:00044 [B];file:../../DjVu/Hochfeder-05.djvu?djvuopts=&highlight=00941,00426,00073,00117&page=001;+ Hochfeder-05.djvu p 1 x 941 y 426 h 73 w 117;※ 0_Hochfeder-05_PT01_023.djvu 00046 (46) new
Hochfeder-05 001:00045  [B];file:../../DjVu/Hochfeder-05.djvu?djvuopts=&highlight=01042,00462,00091,00058&page=001;Hochfeder-05.djvu p 1 x 1042 y 462 h 91 w 58;※ 0_Hochfeder-05_PT01_023.djvu 00047 (47) add
Hochfeder-05 001:00046  [€];file:../../DjVu/Hochfeder-05.djvu?djvuopts=&highlight=01115,00428,00068,00089&page=001;Hochfeder-05.djvu p 1 x 1115 y 428 h 68 w 89;※ 0_Hochfeder-05_PT01_023.djvu 00048 (48) new
Hochfeder-05 001:00047  [];file:../../DjVu/Hochfeder-05.djvu?djvuopts=&highlight=01125,00524,00057,00024&page=001;Hochfeder-05.djvu p 1 x 1125 y 524 h 57 w 24;※ 0_Hochfeder-05_PT01_023.djvu 00049 (49) new
Hochfeder-05 001:00048  [é];file:../../DjVu/Hochfeder-05.djvu?djvuopts=&highlight=01208,00429,00064,00120&page=001;Hochfeder-05.djvu p 1 x 1208 y 429 h 64 w 120;※ 0_Hochfeder-05_PT01_023.djvu 00050 (50) new
Hochfeder-05 001:00049  [f];file:../../DjVu/Hochfeder-05.djvu?djvuopts=&highlight=01294,00433,00068,00114&page=001;Hochfeder-05.djvu p 1 x 1294 y 433 h 68 w 114;※ 0_Hochfeder-05_PT01_023.djvu 00051 (51) new
Hochfeder-05 001:00050  [q];file:../../DjVu/Hochfeder-05.djvu?djvuopts=&highlight=01369,00429,00107,00125&page=001;Hochfeder-05.djvu p 1 x 1369 y 429 h 107 w 125;※ 0_Hochfeder-05_PT01_023.djvu 00052 (52) new
Hochfeder-05 001:00051  ["];file:../../DjVu/Hochfeder-05.djvu?djvuopts=&highlight=01497,00434,00082,00123&page=001;Hochfeder-05.djvu p 1 x 1497 y 434 h 82 w 123;※ 0_Hochfeder-05_PT01_023.djvu 00053 (53) new
Hochfeder-05 001:00052  [o];file:../../DjVu/Hochfeder-05.djvu?djvuopts=&highlight=01600,00389,00099,00133&page=001;Hochfeder-05.djvu p 1 x 1600 y 389 h 99 w 133;※ 0_Hochfeder-05_PT01_023.djvu 00054 (54) new
Hochfeder-05 001:00053  [(];file:../../DjVu/Hochfeder-05.djvu?djvuopts=&highlight=01723,00399,00083,00149&page=001;Hochfeder-05.djvu p 1 x 1723 y 399 h 83 w 149;※ 0_Hochfeder-05_PT01_023.djvu 00055 (55) new
Hochfeder-05 001:00054  [a];file:../../DjVu/Hochfeder-05.djvu?djvuopts=&highlight=01833,00394,00082,00122&page=001;Hochfeder-05.djvu p 1 x 1833 y 394 h 82 w 122;※ 0_Hochfeder-05_PT01_023.djvu 00056 (56) new
Hochfeder-05 001:00055  ["nd];file:../../DjVu/Hochfeder-05.djvu?djvuopts=&highlight=01841,00527,00074,00024&page=001;Hochfeder-05.djvu p 1 x 1841 y 527 h 74 w 24;※ 0_Hochfeder-05_PT01_023.djvu 00057 (57) new
Hochfeder-05 001:00056  [Ü];file:../../DjVu/Hochfeder-05.djvu?djvuopts=&highlight=01943,00399,00096,00153&page=001;Hochfeder-05.djvu p 1 x 1943 y 399 h 96 w 153;※ 0_Hochfeder-05_PT01_023.djvu 00058 (58) new
Hochfeder-05 001:00057 [P»,];file:../../DjVu/Hochfeder-05.djvu?djvuopts=&highlight=02064,00427,00084,00126&page=001;+ Hochfeder-05.djvu p 1 x 2064 y 427 h 84 w 126;※ 0_Hochfeder-05_PT01_023.djvu 00059 (59) new
Hochfeder-05 001:00058 [b];file:../../DjVu/Hochfeder-05.djvu?djvuopts=&highlight=02173,00431,00086,00141&page=001;+ Hochfeder-05.djvu p 1 x 2173 y 431 h 86 w 141;※ 0_Hochfeder-05_PT01_023.djvu 00060 (60) new
Hochfeder-05 001:00059 [a.];file:../../DjVu/Hochfeder-05.djvu?djvuopts=&highlight=02282,00438,00089,00124&page=001;+ Hochfeder-05.djvu p 1 x 2282 y 438 h 89 w 124;※ 0_Hochfeder-05_PT01_023.djvu 00061 (61) new
Hochfeder-05 001:00060  [];file:../../DjVu/Hochfeder-05.djvu?djvuopts=&highlight=02326,00527,00038,00039&page=001;Hochfeder-05.djvu p 1 x 2326 y 527 h 38 w 39;※ 0_Hochfeder-05_PT01_023.djvu 00062 (62) new
Hochfeder-05 001:00061  [1];file:../../DjVu/Hochfeder-05.djvu?djvuopts=&highlight=02398,00443,00043,00087&page=001;Hochfeder-05.djvu p 1 x 2398 y 443 h 43 w 87;※ 0_Hochfeder-05_PT01_023.djvu 00063 (63) new
Hochfeder-05 001:00062  [];file:../../DjVu/Hochfeder-05.djvu?djvuopts=&highlight=02418,00540,00022,00022&page=001;Hochfeder-05.djvu p 1 x 2418 y 540 h 22 w 22;※ 0_Hochfeder-05_PT01_023.djvu 00064 (64) new
Hochfeder-05 001:00063  [1];file:../../DjVu/Hochfeder-05.djvu?djvuopts=&highlight=02471,00445,00049,00092&page=001;Hochfeder-05.djvu p 1 x 2471 y 445 h 49 w 92;※ 0_Hochfeder-05_PT01_023.djvu 00065 (65) new
Hochfeder-05 001:00064  [iD];file:../../DjVu/Hochfeder-05.djvu?djvuopts=&highlight=02476,00540,00043,00028&page=001;Hochfeder-05.djvu p 1 x 2476 y 540 h 43 w 28;※ 0_Hochfeder-05_PT01_023.djvu 00066 (66) new
Hochfeder-05 001:00065  [i];file:../../DjVu/Hochfeder-05.djvu?djvuopts=&highlight=02545,00444,00046,00086&page=001;Hochfeder-05.djvu p 1 x 2545 y 444 h 46 w 86;※ 0_Hochfeder-05_PT01_023.djvu 00067 (67) new
Hochfeder-05 001:00066  [ap];file:../../DjVu/Hochfeder-05.djvu?djvuopts=&highlight=02552,00540,00040,00023&page=001;Hochfeder-05.djvu p 1 x 2552 y 540 h 40 w 23;※ 0_Hochfeder-05_PT01_023.djvu 00068 (68) new
Hochfeder-05 001:00067  [U];file:../../DjVu/Hochfeder-05.djvu?djvuopts=&highlight=02621,00411,00074,00131&page=001;Hochfeder-05.djvu p 1 x 2621 y 411 h 74 w 131;※ 0_Hochfeder-05_PT01_023.djvu 00069 (69) new
Hochfeder-05 001:00068  [.0];file:../../DjVu/Hochfeder-05.djvu?djvuopts=&highlight=02638,00549,00031,00029&page=001;Hochfeder-05.djvu p 1 x 2638 y 549 h 31 w 29;※ 0_Hochfeder-05_PT01_023.djvu 00070 (70) new
Hochfeder-05 001:00069  [,];file:../../DjVu/Hochfeder-05.djvu?djvuopts=&highlight=02673,00553,00026,00025&page=001;Hochfeder-05.djvu p 1 x 2673 y 553 h 26 w 25;※ 0_Hochfeder-05_PT01_023.djvu 00071 (71) new
Hochfeder-05 001:00070  []];file:../../DjVu/Hochfeder-05.djvu?djvuopts=&highlight=02721,00415,00042,00118&page=001;Hochfeder-05.djvu p 1 x 2721 y 415 h 42 w 118;※ 0_Hochfeder-05_PT01_023.djvu 00072 (72) new
Hochfeder-05 001:00071  [D];file:../../DjVu/Hochfeder-05.djvu?djvuopts=&highlight=02736,00538,00042,00032&page=001;Hochfeder-05.djvu p 1 x 2736 y 538 h 42 w 32;※ 0_Hochfeder-05_PT01_023.djvu 00073 (73) new
Hochfeder-05 001:00072  [*];file:../../DjVu/Hochfeder-05.djvu?djvuopts=&highlight=02777,00510,00018,00020&page=001;Hochfeder-05.djvu p 1 x 2777 y 510 h 18 w 20;※ 0_Hochfeder-05_PT01_023.djvu 00074 (74) new
Hochfeder-05 001:00073  [K];file:../../DjVu/Hochfeder-05.djvu?djvuopts=&highlight=02802,00451,00087,00122&page=001;Hochfeder-05.djvu p 1 x 2802 y 451 h 87 w 122;※ 0_Hochfeder-05_PT01_023.djvu 00075 (75) new
Hochfeder-05 001:00074  [l];file:../../DjVu/Hochfeder-05.djvu?djvuopts=&highlight=02899,00457,00052,00127&page=001;Hochfeder-05.djvu p 1 x 2899 y 457 h 52 w 127;※ 0_Hochfeder-05_PT01_023.djvu 00076 (76) new
Hochfeder-05 001:00075  [I];file:../../DjVu/Hochfeder-05.djvu?djvuopts=&highlight=02962,00459,00073,00120&page=001;Hochfeder-05.djvu p 1 x 2962 y 459 h 73 w 120;※ 0_Hochfeder-05_PT01_023.djvu 00077 (77) new
Hochfeder-05 001:00076  [t];file:../../DjVu/Hochfeder-05.djvu?djvuopts=&highlight=03052,00461,00119,00098&page=001;Hochfeder-05.djvu p 1 x 3052 y 461 h 119 w 98;※ 0_Hochfeder-05_PT01_023.djvu 00078 (78) new
Hochfeder-05 001:00077  [tü];file:../../DjVu/Hochfeder-05.djvu?djvuopts=&highlight=03188,00462,00123,00096&page=001;Hochfeder-05.djvu p 1 x 3188 y 462 h 123 w 96;※ 0_Hochfeder-05_PT01_023.djvu 00079 (79) new
Hochfeder-05 001:00078  ["s];file:../../DjVu/Hochfeder-05.djvu?djvuopts=&highlight=03214,00565,00067,00029&page=001;Hochfeder-05.djvu p 1 x 3214 y 565 h 67 w 29;※ 0_Hochfeder-05_PT01_023.djvu 00080 (80) new
Hochfeder-05 001:00079  [n];file:../../DjVu/Hochfeder-05.djvu?djvuopts=&highlight=03331,00461,00086,00092&page=001;Hochfeder-05.djvu p 1 x 3331 y 461 h 86 w 92;※ 0_Hochfeder-05_PT01_023.djvu 00081 (81) new
Hochfeder-05 001:00080  [n];file:../../DjVu/Hochfeder-05.djvu?djvuopts=&highlight=03436,00467,00093,00084&page=001;Hochfeder-05.djvu p 1 x 3436 y 467 h 93 w 84;※ 0_Hochfeder-05_PT01_023.djvu 00082 (82) add
Hochfeder-05 001:00081  [n];file:../../DjVu/Hochfeder-05.djvu?djvuopts=&highlight=03444,00525,00024,00055&page=001;Hochfeder-05.djvu p 1 x 3444 y 525 h 24 w 55;※ 0_Hochfeder-05_PT01_023.djvu 00083 (83) add
Hochfeder-05 001:00082  [];file:../../DjVu/Hochfeder-05.djvu?djvuopts=&highlight=03533,00559,00085,00029&page=001;Hochfeder-05.djvu p 1 x 3533 y 559 h 85 w 29;※ 0_Hochfeder-05_PT01_023.djvu 00084 (84) new
Hochfeder-05 001:00083  [gi];file:../../DjVu/Hochfeder-05.djvu?djvuopts=&highlight=03540,00462,00087,00088&page=001;Hochfeder-05.djvu p 1 x 3540 y 462 h 87 w 88;※ 0_Hochfeder-05_PT01_023.djvu 00085 (85) new
Hochfeder-05 001:00084  [Ó];file:../../DjVu/Hochfeder-05.djvu?djvuopts=&highlight=03659,00464,00088,00100&page=001;Hochfeder-05.djvu p 1 x 3659 y 464 h 88 w 100;※ 0_Hochfeder-05_PT01_023.djvu 00086 (86) new
Hochfeder-05 001:00085  [*];file:../../DjVu/Hochfeder-05.djvu?djvuopts=&highlight=03766,00461,00083,00092&page=001;Hochfeder-05.djvu p 1 x 3766 y 461 h 83 w 92;※ 0_Hochfeder-05_PT01_023.djvu 00087 (87) new
Hochfeder-05 001:00086  [AND];file:../../DjVu/Hochfeder-05.djvu?djvuopts=&highlight=03780,00555,00065,00032&page=001;Hochfeder-05.djvu p 1 x 3780 y 555 h 65 w 32;※ 0_Hochfeder-05_PT01_023.djvu 00088 (88) new
Hochfeder-05 001:00087  [];file:../../DjVu/Hochfeder-05.djvu?djvuopts=&highlight=02105,00409,00008,00005&page=001;Hochfeder-05.djvu p 1 x 2105 y 409 h 8 w 5;※ 0_Hochfeder-05_PT01_023.djvu 00089 (89) new
Hochfeder-05 001:00088  [D];file:../../DjVu/Hochfeder-05.djvu?djvuopts=&highlight=00006,00194,00085,00125&page=001;Hochfeder-05.djvu p 1 x 6 y 194 h 85 w 125;※ 0_Hochfeder-05_PT01_023.djvu 00090 (90) new
Hochfeder-05 001:00089  [p];file:../../DjVu/Hochfeder-05.djvu?djvuopts=&highlight=00105,00190,00075,00119&page=001;Hochfeder-05.djvu p 1 x 105 y 190 h 75 w 119;※ 0_Hochfeder-05_PT01_023.djvu 00091 (91) new
Hochfeder-05 001:00090  [p];file:../../DjVu/Hochfeder-05.djvu?djvuopts=&highlight=00122,00290,00025,00055&page=001;Hochfeder-05.djvu p 1 x 122 y 290 h 25 w 55;※ 0_Hochfeder-05_PT01_023.djvu 00092 (92) add
Hochfeder-05 001:00091  [p];file:../../DjVu/Hochfeder-05.djvu?djvuopts=&highlight=00203,00240,00118,00076&page=001;Hochfeder-05.djvu p 1 x 203 y 240 h 118 w 76;※ 0_Hochfeder-05_PT01_023.djvu 00093 (93) add
Hochfeder-05 001:00092  [p];file:../../DjVu/Hochfeder-05.djvu?djvuopts=&highlight=00238,00322,00024,00027&page=001;Hochfeder-05.djvu p 1 x 238 y 322 h 24 w 27;※ 0_Hochfeder-05_PT01_023.djvu 00094 (94) add
Hochfeder-05 001:00093  [D];file:../../DjVu/Hochfeder-05.djvu?djvuopts=&highlight=00297,00204,00083,00111&page=001;Hochfeder-05.djvu p 1 x 297 y 204 h 83 w 111;※ 0_Hochfeder-05_PT01_023.djvu 00095 (95) new
Hochfeder-05 001:00094  [quM];file:../../DjVu/Hochfeder-05.djvu?djvuopts=&highlight=00309,00329,00069,00024&page=001;Hochfeder-05.djvu p 1 x 309 y 329 h 69 w 24;※ 0_Hochfeder-05_PT01_023.djvu 00096 (96) new
Hochfeder-05 001:00095  [D];file:../../DjVu/Hochfeder-05.djvu?djvuopts=&highlight=00394,00198,00079,00124&page=001;Hochfeder-05.djvu p 1 x 394 y 198 h 79 w 124;※ 0_Hochfeder-05_PT01_023.djvu 00097 (97) new
Hochfeder-05 001:00096  [P];file:../../DjVu/Hochfeder-05.djvu?djvuopts=&highlight=00490,00203,00105,00121&page=001;Hochfeder-05.djvu p 1 x 490 y 203 h 105 w 121;※ 0_Hochfeder-05_PT01_023.djvu 00098 (98) new
Hochfeder-05 001:00097  [q];file:../../DjVu/Hochfeder-05.djvu?djvuopts=&highlight=00613,00202,00080,00129&page=001;Hochfeder-05.djvu p 1 x 613 y 202 h 80 w 129;※ 0_Hochfeder-05_PT01_023.djvu 00099 (99) new
Hochfeder-05 001:00098  [G];file:../../DjVu/Hochfeder-05.djvu?djvuopts=&highlight=00722,00204,00084,00163&page=001;Hochfeder-05.djvu p 1 x 722 y 204 h 84 w 163;※ 0_Hochfeder-05_PT01_023.djvu 00100 (100) new
Hochfeder-05 001:00099  [q];file:../../DjVu/Hochfeder-05.djvu?djvuopts=&highlight=00836,00201,00089,00156&page=001;Hochfeder-05.djvu p 1 x 836 y 201 h 89 w 156;※ 0_Hochfeder-05_PT01_023.djvu 00101 (101) new
Hochfeder-05 001:00100  [Q];file:../../DjVu/Hochfeder-05.djvu?djvuopts=&highlight=00946,00202,00077,00123&page=001;Hochfeder-05.djvu p 1 x 946 y 202 h 77 w 123;※ 0_Hochfeder-05_PT01_023.djvu 00102 (102) new
Hochfeder-05 001:00101  [rd];file:../../DjVu/Hochfeder-05.djvu?djvuopts=&highlight=00954,00330,00057,00031&page=001;Hochfeder-05.djvu p 1 x 954 y 330 h 57 w 31;※ 0_Hochfeder-05_PT01_023.djvu 00103 (103) new
Hochfeder-05 001:00102  [d];file:../../DjVu/Hochfeder-05.djvu?djvuopts=&highlight=01047,00207,00075,00152&page=001;Hochfeder-05.djvu p 1 x 1047 y 207 h 75 w 152;※ 0_Hochfeder-05_PT01_023.djvu 00104 (104) new
Hochfeder-05 001:00103  [QU];file:../../DjVu/Hochfeder-05.djvu?djvuopts=&highlight=01148,00211,00106,00116&page=001;Hochfeder-05.djvu p 1 x 1148 y 211 h 106 w 116;※ 0_Hochfeder-05_PT01_023.djvu 00105 (105) new
Hochfeder-05 001:00104  [e];file:../../DjVu/Hochfeder-05.djvu?djvuopts=&highlight=01271,00212,00139,00119&page=001;Hochfeder-05.djvu p 1 x 1271 y 212 h 139 w 119;※ 0_Hochfeder-05_PT01_023.djvu 00106 (106) new
Hochfeder-05 001:00105  [];file:../../DjVu/Hochfeder-05.djvu?djvuopts=&highlight=01395,00302,00008,00003&page=001;Hochfeder-05.djvu p 1 x 1395 y 302 h 8 w 3;※ 0_Hochfeder-05_PT01_023.djvu 00107 (107) new
Hochfeder-05 001:00106  [TR];file:../../DjVu/Hochfeder-05.djvu?djvuopts=&highlight=01414,00309,00006,00003&page=001;Hochfeder-05.djvu p 1 x 1414 y 309 h 6 w 3;※ 0_Hochfeder-05_PT01_023.djvu 00108 (108) new
Hochfeder-05 001:00107  [»];file:../../DjVu/Hochfeder-05.djvu?djvuopts=&highlight=01423,00294,00005,00007&page=001;Hochfeder-05.djvu p 1 x 1423 y 294 h 5 w 7;※ 0_Hochfeder-05_PT01_023.djvu 00109 (109) new
Hochfeder-05 001:00108  [s];file:../../DjVu/Hochfeder-05.djvu?djvuopts=&highlight=01425,00212,00126,00154&page=001;Hochfeder-05.djvu p 1 x 1425 y 212 h 126 w 154;※ 0_Hochfeder-05_PT01_023.djvu 00110 (110) new
Hochfeder-05 001:00109  [r];file:../../DjVu/Hochfeder-05.djvu?djvuopts=&highlight=01576,00246,00061,00095&page=001;Hochfeder-05.djvu p 1 x 1576 y 246 h 61 w 95;※ 0_Hochfeder-05_PT01_023.djvu 00111 (111) new
Hochfeder-05 001:00110  [r];file:../../DjVu/Hochfeder-05.djvu?djvuopts=&highlight=01651,00246,00061,00092&page=001;Hochfeder-05.djvu p 1 x 1651 y 246 h 61 w 92;※ 0_Hochfeder-05_PT01_023.djvu 00112 (112) new
Hochfeder-05 001:00111  [r];file:../../DjVu/Hochfeder-05.djvu?djvuopts=&highlight=01666,00327,00029,00045&page=001;Hochfeder-05.djvu p 1 x 1666 y 327 h 29 w 45;※ 0_Hochfeder-05_PT01_023.djvu 00113 (113) add
Hochfeder-05 001:00112  [P];file:../../DjVu/Hochfeder-05.djvu?djvuopts=&highlight=01708,00379,00003,00002&page=001;Hochfeder-05.djvu p 1 x 1708 y 379 h 3 w 2;※ 0_Hochfeder-05_PT01_023.djvu 00114 (114) new
Hochfeder-05 001:00113  [j];file:../../DjVu/Hochfeder-05.djvu?djvuopts=&highlight=01734,00246,00042,00093&page=001;Hochfeder-05.djvu p 1 x 1734 y 246 h 42 w 93;※ 0_Hochfeder-05_PT01_023.djvu 00115 (115) new
Hochfeder-05 001:00114  [d];file:../../DjVu/Hochfeder-05.djvu?djvuopts=&highlight=01807,00221,00042,00114&page=001;Hochfeder-05.djvu p 1 x 1807 y 221 h 42 w 114;※ 0_Hochfeder-05_PT01_023.djvu 00116 (116) new
Hochfeder-05 001:00115  [6];file:../../DjVu/Hochfeder-05.djvu?djvuopts=&highlight=01870,00242,00082,00092&page=001;Hochfeder-05.djvu p 1 x 1870 y 242 h 82 w 92;※ 0_Hochfeder-05_PT01_023.djvu 00117 (117) new
Hochfeder-05 001:00116  [f];file:../../DjVu/Hochfeder-05.djvu?djvuopts=&highlight=01976,00244,00066,00130&page=001;Hochfeder-05.djvu p 1 x 1976 y 244 h 66 w 130;※ 0_Hochfeder-05_PT01_023.djvu 00118 (118) new
Hochfeder-05 001:00117  [];file:../../DjVu/Hochfeder-05.djvu?djvuopts=&highlight=02012,00386,00008,00006&page=001;Hochfeder-05.djvu p 1 x 2012 y 386 h 8 w 6;※ 0_Hochfeder-05_PT01_023.djvu 00119 (119) new
Hochfeder-05 001:00118 [(b];file:../../DjVu/Hochfeder-05.djvu?djvuopts=&highlight=02065,00247,00117,00128&page=001;+ Hochfeder-05.djvu p 1 x 2065 y 247 h 117 w 128;※ 0_Hochfeder-05_PT01_023.djvu 00120 (120) new
Hochfeder-05 001:00119  [(T];file:../../DjVu/Hochfeder-05.djvu?djvuopts=&highlight=02210,00251,00102,00123&page=001;Hochfeder-05.djvu p 1 x 2210 y 251 h 102 w 123;※ 0_Hochfeder-05_PT01_023.djvu 00121 (121) new
Hochfeder-05 001:00120  [(t];file:../../DjVu/Hochfeder-05.djvu?djvuopts=&highlight=02334,00251,00092,00134&page=001;Hochfeder-05.djvu p 1 x 2334 y 251 h 92 w 134;※ 0_Hochfeder-05_PT01_023.djvu 00122 (122) new
Hochfeder-05 001:00121  [P];file:../../DjVu/Hochfeder-05.djvu?djvuopts=&highlight=02439,00253,00075,00136&page=001;Hochfeder-05.djvu p 1 x 2439 y 253 h 75 w 136;※ 0_Hochfeder-05_PT01_023.djvu 00123 (123) new
Hochfeder-05 001:00122  [Ü];file:../../DjVu/Hochfeder-05.djvu?djvuopts=&highlight=02532,00255,00056,00104&page=001;Hochfeder-05.djvu p 1 x 2532 y 255 h 56 w 104;※ 0_Hochfeder-05_PT01_023.djvu 00124 (124) new
Hochfeder-05 001:00123  [t];file:../../DjVu/Hochfeder-05.djvu?djvuopts=&highlight=02611,00255,00064,00138&page=001;Hochfeder-05.djvu p 1 x 2611 y 255 h 64 w 138;※ 0_Hochfeder-05_PT01_023.djvu 00125 (125) new
Hochfeder-05 001:00124  [Ü];file:../../DjVu/Hochfeder-05.djvu?djvuopts=&highlight=02702,00258,00064,00130&page=001;Hochfeder-05.djvu p 1 x 2702 y 258 h 64 w 130;※ 0_Hochfeder-05_PT01_023.djvu 00126 (126) new
Hochfeder-05 001:00125  [u];file:../../DjVu/Hochfeder-05.djvu?djvuopts=&highlight=02788,00263,00079,00101&page=001;Hochfeder-05.djvu p 1 x 2788 y 263 h 79 w 101;※ 0_Hochfeder-05_PT01_023.djvu 00127 (127) new
Hochfeder-05 001:00126  [u];file:../../DjVu/Hochfeder-05.djvu?djvuopts=&highlight=02888,00259,00083,00102&page=001;Hochfeder-05.djvu p 1 x 2888 y 259 h 83 w 102;※ 0_Hochfeder-05_PT01_023.djvu 00128 (128) new
Hochfeder-05 001:00127  [u];file:../../DjVu/Hochfeder-05.djvu?djvuopts=&highlight=02902,00339,00025,00056&page=001;Hochfeder-05.djvu p 1 x 2902 y 339 h 25 w 56;※ 0_Hochfeder-05_PT01_023.djvu 00129 (129) add
Hochfeder-05 001:00128  [b */];file:../../DjVu/Hochfeder-05.djvu?djvuopts=&highlight=02987,00270,00100,00103&page=001;Hochfeder-05.djvu p 1 x 2987 y 270 h 100 w 103;※ 0_Hochfeder-05_PT01_023.djvu 00130 (130) new
Hochfeder-05 001:00129  [m];file:../../DjVu/Hochfeder-05.djvu?djvuopts=&highlight=03091,00324,00003,00003&page=001;Hochfeder-05.djvu p 1 x 3091 y 324 h 3 w 3;※ 0_Hochfeder-05_PT01_023.djvu 00131 (131) new
Hochfeder-05 001:00130  [»];file:../../DjVu/Hochfeder-05.djvu?djvuopts=&highlight=03109,00272,00093,00131&page=001;Hochfeder-05.djvu p 1 x 3109 y 272 h 93 w 131;※ 0_Hochfeder-05_PT01_023.djvu 00132 (132) new
Hochfeder-05 001:00131  [b^];file:../../DjVu/Hochfeder-05.djvu?djvuopts=&highlight=03239,00267,00133,00110&page=001;Hochfeder-05.djvu p 1 x 3239 y 267 h 133 w 110;※ 0_Hochfeder-05_PT01_023.djvu 00133 (133) new
Hochfeder-05 001:00132  ["w];file:../../DjVu/Hochfeder-05.djvu?djvuopts=&highlight=03364,00396,00007,00005&page=001;Hochfeder-05.djvu p 1 x 3364 y 396 h 7 w 5;※ 0_Hochfeder-05_PT01_023.djvu 00134 (134) new
Hochfeder-05 001:00133  [k];file:../../DjVu/Hochfeder-05.djvu?djvuopts=&highlight=03401,00238,00080,00137&page=001;Hochfeder-05.djvu p 1 x 3401 y 238 h 80 w 137;※ 0_Hochfeder-05_PT01_023.djvu 00135 (135) new
Hochfeder-05 001:00134  [r];file:../../DjVu/Hochfeder-05.djvu?djvuopts=&highlight=03516,00258,00077,00140&page=001;Hochfeder-05.djvu p 1 x 3516 y 258 h 77 w 140;※ 0_Hochfeder-05_PT01_023.djvu 00136 (136) new
Hochfeder-05 001:00135  [Y];file:../../DjVu/Hochfeder-05.djvu?djvuopts=&highlight=03621,00248,00076,00124&page=001;Hochfeder-05.djvu p 1 x 3621 y 248 h 76 w 124;※ 0_Hochfeder-05_PT01_023.djvu 00137 (137) new
Hochfeder-05 001:00136  [i];file:../../DjVu/Hochfeder-05.djvu?djvuopts=&highlight=03722,00234,00081,00139&page=001;Hochfeder-05.djvu p 1 x 3722 y 234 h 81 w 139;※ 0_Hochfeder-05_PT01_023.djvu 00138 (138) new
Hochfeder-05 001:00137  ["a];file:../../DjVu/Hochfeder-05.djvu?djvuopts=&highlight=03537,00226,00028,00017&page=001;Hochfeder-05.djvu p 1 x 3537 y 226 h 28 w 17;※ 0_Hochfeder-05_PT01_023.djvu 00139 (139) new
Hochfeder-05 001:00138  [2,];file:../../DjVu/Hochfeder-05.djvu?djvuopts=&highlight=01325,00022,00075,00125&page=001;Hochfeder-05.djvu p 1 x 1325 y 22 h 75 w 125;※ 0_Hochfeder-05_PT01_023.djvu 00140 (140) new
Hochfeder-05 001:00139  [?,];file:../../DjVu/Hochfeder-05.djvu?djvuopts=&highlight=01426,00027,00082,00119&page=001;Hochfeder-05.djvu p 1 x 1426 y 27 h 82 w 119;※ 0_Hochfeder-05_PT01_023.djvu 00141 (141) new
Hochfeder-05 001:00140  [];file:../../DjVu/Hochfeder-05.djvu?djvuopts=&highlight=01427,00150,00081,00033&page=001;Hochfeder-05.djvu p 1 x 1427 y 150 h 81 w 33;※ 0_Hochfeder-05_PT01_023.djvu 00142 (142) new
Hochfeder-05 001:00141  [T7];file:../../DjVu/Hochfeder-05.djvu?djvuopts=&highlight=01533,00052,00070,00097&page=001;Hochfeder-05.djvu p 1 x 1533 y 52 h 70 w 97;※ 0_Hochfeder-05_PT01_023.djvu 00143 (143) new
Hochfeder-05 001:00142  [|];file:../../DjVu/Hochfeder-05.djvu?djvuopts=&highlight=01639,00041,00036,00129&page=001;Hochfeder-05.djvu p 1 x 1639 y 41 h 36 w 129;※ 0_Hochfeder-05_PT01_023.djvu 00144 (144) new
Hochfeder-05 001:00143  [P];file:../../DjVu/Hochfeder-05.djvu?djvuopts=&highlight=01699,00029,00088,00122&page=001;Hochfeder-05.djvu p 1 x 1699 y 29 h 88 w 122;※ 0_Hochfeder-05_PT01_023.djvu 00145 (145) new
Hochfeder-05 001:00144  [09];file:../../DjVu/Hochfeder-05.djvu?djvuopts=&highlight=01814,00110,00061,00070&page=001;Hochfeder-05.djvu p 1 x 1814 y 110 h 61 w 70;※ 0_Hochfeder-05_PT01_023.djvu 00146 (146) new
Hochfeder-05 001:00145  [(];file:../../DjVu/Hochfeder-05.djvu?djvuopts=&highlight=02080,00039,00048,00149&page=001;Hochfeder-05.djvu p 1 x 2080 y 39 h 48 w 149;※ 0_Hochfeder-05_PT01_023.djvu 00147 (147) new
Hochfeder-05 001:00146  [)];file:../../DjVu/Hochfeder-05.djvu?djvuopts=&highlight=02163,00040,00048,00148&page=001;Hochfeder-05.djvu p 1 x 2163 y 40 h 48 w 148;※ 0_Hochfeder-05_PT01_023.djvu 00148 (148) new
Hochfeder-05 001:00147  [po];file:../../DjVu/Hochfeder-05.djvu?djvuopts=&highlight=02249,00088,00054,00042&page=001;Hochfeder-05.djvu p 1 x 2249 y 88 h 54 w 42;※ 0_Hochfeder-05_PT01_023.djvu 00149 (149) new
Hochfeder-05 001:00148  [o];file:../../DjVu/Hochfeder-05.djvu?djvuopts=&highlight=02344,00112,00062,00063&page=001;Hochfeder-05.djvu p 1 x 2344 y 112 h 62 w 63;※ 0_Hochfeder-05_PT01_023.djvu 00150 (150) new
Hochfeder-05 001:00149  [o];file:../../DjVu/Hochfeder-05.djvu?djvuopts=&highlight=02348,00043,00062,00063&page=001;Hochfeder-05.djvu p 1 x 2348 y 43 h 62 w 63;※ 0_Hochfeder-05_PT01_023.djvu 00151 (151) add
Hochfeder-05 001:00150  [v];file:../../DjVu/Hochfeder-05.djvu?djvuopts=&highlight=02448,00054,00058,00066&page=001;Hochfeder-05.djvu p 1 x 2448 y 54 h 58 w 66;※ 0_Hochfeder-05_PT01_023.djvu 00152 (152) new
Hochfeder-05 001:00151  [mE];file:../../DjVu/Hochfeder-05.djvu?djvuopts=&highlight=00062,00210,00091,00078&page=001;Hochfeder-05.djvu p 1 x 62 y 210 h 91 w 78;※ 0_Hochfeder-05_PT01_023.djvu 00153 (153) new
Hochfeder-05 001:00152  [s];file:../../DjVu/Hochfeder-05.djvu?djvuopts=&highlight=00300,00208,00250,00089&page=001;Hochfeder-05.djvu p 1 x 300 y 208 h 250 w 89;※ 0_Hochfeder-05_PT01_023.djvu 00154 (154) new
Hochfeder-05 001:00153  [BE];file:../../DjVu/Hochfeder-05.djvu?djvuopts=&highlight=00911,00206,00202,00061&page=001;Hochfeder-05.djvu p 1 x 911 y 206 h 202 w 61;※ 0_Hochfeder-05_PT01_023.djvu 00155 (155) new
Hochfeder-05 001:00154  [(o];file:../../DjVu/Hochfeder-05.djvu?djvuopts=&highlight=01378,00105,00111,00127&page=001;Hochfeder-05.djvu p 1 x 1378 y 105 h 111 w 127;※ 0_Hochfeder-05_PT01_023.djvu 00156 (156) new
Hochfeder-05 001:00155  [EM];file:../../DjVu/Hochfeder-05.djvu?djvuopts=&highlight=01620,00086,00002,00001&page=001;Hochfeder-05.djvu p 1 x 1620 y 86 h 2 w 1;※ 0_Hochfeder-05_PT01_023.djvu 00157 (157) new
Hochfeder-05 001:00156  [m];file:../../DjVu/Hochfeder-05.djvu?djvuopts=&highlight=02792,00298,00001,00001&page=001;Hochfeder-05.djvu p 1 x 2792 y 298 h 1 w 1;※ 0_Hochfeder-05_PT01_023.djvu 00158 (158) new
Hochfeder-05 001:00157  [m];file:../../DjVu/Hochfeder-05.djvu?djvuopts=&highlight=03401,00258,00001,00001&page=001;Hochfeder-05.djvu p 1 x 3401 y 258 h 1 w 1;※ 0_Hochfeder-05_PT01_023.djvu 00159 (159) new
Hochfeder-05 001:00158  [EMMZMN];file:../../DjVu/Hochfeder-05.djvu?djvuopts=&highlight=03640,00251,00153,00046&page=001;Hochfeder-05.djvu p 1 x 3640 y 251 h 153 w 46;※ 0_Hochfeder-05_PT01_023.djvu 00160 (160) new
Hochfeder-05 001:00159  [MEE];file:../../DjVu/Hochfeder-05.djvu?djvuopts=&highlight=00026,00435,00239,00055&page=001;Hochfeder-05.djvu p 1 x 26 y 435 h 239 w 55;※ 0_Hochfeder-05_PT01_023.djvu 00161 (161) new
Hochfeder-05 001:00160  [mE];file:../../DjVu/Hochfeder-05.djvu?djvuopts=&highlight=00333,00300,00242,00193&page=001;Hochfeder-05.djvu p 1 x 333 y 300 h 242 w 193;※ 0_Hochfeder-05_PT01_023.djvu 00162 (162) new
Hochfeder-05 001:00161  [BEEN];file:../../DjVu/Hochfeder-05.djvu?djvuopts=&highlight=00650,00438,00193,00038&page=001;Hochfeder-05.djvu p 1 x 650 y 438 h 193 w 38;※ 0_Hochfeder-05_PT01_023.djvu 00163 (163) new
Hochfeder-05 001:00162  [BEES];file:../../DjVu/Hochfeder-05.djvu?djvuopts=&highlight=00915,00461,00101,00016&page=001;Hochfeder-05.djvu p 1 x 915 y 461 h 101 w 16;※ 0_Hochfeder-05_PT01_023.djvu 00164 (164) new
Hochfeder-05 001:00163  [m];file:../../DjVu/Hochfeder-05.djvu?djvuopts=&highlight=01675,00333,00001,00001&page=001;Hochfeder-05.djvu p 1 x 1675 y 333 h 1 w 1;※ 0_Hochfeder-05_PT01_023.djvu 00165 (165) new
Hochfeder-05 001:00164  [!];file:../../DjVu/Hochfeder-05.djvu?djvuopts=&highlight=02903,00330,00073,00234&page=001;Hochfeder-05.djvu p 1 x 2903 y 330 h 73 w 234;※ 0_Hochfeder-05_PT01_023.djvu 00166 (166) new
Hochfeder-05 001:00165  [mE];file:../../DjVu/Hochfeder-05.djvu?djvuopts=&highlight=03058,00344,00241,00222&page=001;Hochfeder-05.djvu p 1 x 3058 y 344 h 241 w 222;※ 0_Hochfeder-05_PT01_023.djvu 00167 (167) new
Hochfeder-05 001:00166  [0];file:../../DjVu/Hochfeder-05.djvu?djvuopts=&highlight=03307,00312,00282,00274&page=001;Hochfeder-05.djvu p 1 x 3307 y 312 h 282 w 274;※ 0_Hochfeder-05_PT01_023.djvu 00168 (168) new
Hochfeder-05 001:00167  [0];file:../../DjVu/Hochfeder-05.djvu?djvuopts=&highlight=03600,00324,00250,00238&page=001;Hochfeder-05.djvu p 1 x 3600 y 324 h 250 w 238;※ 0_Hochfeder-05_PT01_023.djvu 00169 (169) new
Hochfeder-05 001:00168  [m];file:../../DjVu/Hochfeder-05.djvu?djvuopts=&highlight=00294,00716,00001,00001&page=001;Hochfeder-05.djvu p 1 x 294 y 716 h 1 w 1;※ 0_Hochfeder-05_PT01_023.djvu 00170 (170) new
Hochfeder-05 001:00169  [mE];file:../../DjVu/Hochfeder-05.djvu?djvuopts=&highlight=00336,00620,00246,00096&page=001;Hochfeder-05.djvu p 1 x 336 y 620 h 246 w 96;※ 0_Hochfeder-05_PT01_023.djvu 00171 (171) new
Hochfeder-05 001:00170  [EE];file:../../DjVu/Hochfeder-05.djvu?djvuopts=&highlight=00663,00613,00155,00061&page=001;Hochfeder-05.djvu p 1 x 663 y 613 h 155 w 61;※ 0_Hochfeder-05_PT01_023.djvu 00172 (172) new
Hochfeder-05 001:00171  [m];file:../../DjVu/Hochfeder-05.djvu?djvuopts=&highlight=01169,00706,00001,00001&page=001;Hochfeder-05.djvu p 1 x 1169 y 706 h 1 w 1;※ 0_Hochfeder-05_PT01_023.djvu 00173 (173) new
Hochfeder-05 001:00172  [m];file:../../DjVu/Hochfeder-05.djvu?djvuopts=&highlight=02848,00670,00141,00104&page=001;Hochfeder-05.djvu p 1 x 2848 y 670 h 141 w 104;※ 0_Hochfeder-05_PT01_023.djvu 00174 (174) new
Hochfeder-05 001:00173  [mE];file:../../DjVu/Hochfeder-05.djvu?djvuopts=&highlight=03045,00661,00163,00084&page=001;Hochfeder-05.djvu p 1 x 3045 y 661 h 163 w 84;※ 0_Hochfeder-05_PT01_023.djvu 00175 (175) new
Hochfeder-05 001:00174  [s];file:../../DjVu/Hochfeder-05.djvu?djvuopts=&highlight=03335,00627,00166,00100&page=001;Hochfeder-05.djvu p 1 x 3335 y 627 h 166 w 100;※ 0_Hochfeder-05_PT01_023.djvu 00176 (176) new
Hochfeder-05 001:00175  []];file:../../DjVu/Hochfeder-05.djvu?djvuopts=&highlight=03610,00699,00011,00040&page=001;Hochfeder-05.djvu p 1 x 3610 y 699 h 11 w 40;※ 0_Hochfeder-05_PT01_023.djvu 00177 (177) new
Hochfeder-05 001:00175  []];file:../../DjVu/Hochfeder-05.djvu?djvuopts=&highlight=03610,00699,00011,00040&page=001;Hochfeder-05.djvu p 1 x 3610 y 699 h 11 w 40;※ 0_Hochfeder-05_PT01_023.djvu 00178 (178) new
