Hochfeder-05 001:00036 [5];file:../../DjVu/Hochfeder-05.djvu?djvuopts=&highlight=00380,00413,00083,00121&page=001;bstrok+Hochfeder-05.djvu p 1 x 380 y 413 h 83 w 121;※ 0_Hochfeder-05_PT01_023.djvu 00038 (38) new
Hochfeder-05 001:00044 [B];file:../../DjVu/Hochfeder-05.djvu?djvuopts=&highlight=00941,00426,00073,00117&page=001;drotacute+Hochfeder-05.djvu p 1 x 941 y 426 h 73 w 117;※ 0_Hochfeder-05_PT01_023.djvu 00046 (46) new
Hochfeder-05 001:00057 [P»,];file:../../DjVu/Hochfeder-05.djvu?djvuopts=&highlight=02064,00427,00084,00126&page=001;hstrok+Hochfeder-05.djvu p 1 x 2064 y 427 h 84 w 126;※ 0_Hochfeder-05_PT01_023.djvu 00059 (59) new
Hochfeder-05 001:00075 [I];file:../../DjVu/Hochfeder-05.djvu?djvuopts=&highlight=02962,00459,00073,00120&page=001;lhighstrok+Hochfeder-05.djvu p 1 x 2962 y 459 h 73 w 120;※ 0_Hochfeder-05_PT01_023.djvu 00077 (77) new
Hochfeder-05 001:00095 [D];file:../../DjVu/Hochfeder-05.djvu?djvuopts=&highlight=00394,00198,00079,00124&page=001;pbardes+Hochfeder-05.djvu p 1 x 394 y 198 h 79 w 124;※ 0_Hochfeder-05_PT01_023.djvu 00097 (97) new
Hochfeder-05 001:00096 [P];file:../../DjVu/Hochfeder-05.djvu?djvuopts=&highlight=00490,00203,00105,00121&page=001;pflour+Hochfeder-05.djvu p 1 x 490 y 203 h 105 w 121;※ 0_Hochfeder-05_PT01_023.djvu 00098 (98) new
Hochfeder-05 001:00103 [QU];file:../../DjVu/Hochfeder-05.djvu?djvuopts=&highlight=01148,00211,00106,00116&page=001;qslstrok+Hochfeder-05.djvu p 1 x 1148 y 211 h 106 w 116;※ 0_Hochfeder-05_PT01_023.djvu 00105 (105) new
Hochfeder-05 001:00104 [e];file:../../DjVu/Hochfeder-05.djvu?djvuopts=&highlight=01271,00212,00139,00119&page=001;q3app+Hochfeder-05.djvu p 1 x 1271 y 212 h 139 w 119;※ 0_Hochfeder-05_PT01_023.djvu 00106 (106) new
Hochfeder-05 001:00108 [s];file:../../DjVu/Hochfeder-05.djvu?djvuopts=&highlight=01425,00212,00126,00154&page=001;q3app&ra+Hochfeder-05.djvu p 1 x 1425 y 212 h 126 w 154;※ 0_Hochfeder-05_PT01_023.djvu 00110 (110) new
Hochfeder-05 001:00118 [(b];file:../../DjVu/Hochfeder-05.djvu?djvuopts=&highlight=02065,00247,00117,00128&page=001;slong&bstrok+Hochfeder-05.djvu p 1 x 2065 y 247 h 117 w 128;※ 0_Hochfeder-05_PT01_023.djvu 00120 (120) new
Hochfeder-05 001:00121 [P];file:../../DjVu/Hochfeder-05.djvu?djvuopts=&highlight=02439,00253,00075,00136&page=001;slongflour+Hochfeder-05.djvu p 1 x 2439 y 253 h 75 w 136;※ 0_Hochfeder-05_PT01_023.djvu 00123 (123) new
Hochfeder-05 001:00130 [»];file:../../DjVu/Hochfeder-05.djvu?djvuopts=&highlight=03109,00272,00093,00131&page=001;vacute+Hochfeder-05.djvu p 1 x 3109 y 272 h 93 w 131;※ 0_Hochfeder-05_PT01_023.djvu 00132 (132) new
Hochfeder-05 001:00138 [2,];file:../../DjVu/Hochfeder-05.djvu?djvuopts=&highlight=01325,00022,00075,00125&page=001;conbase+Hochfeder-05.djvu p 1 x 1325 y 22 h 75 w 125;※ 0_Hochfeder-05_PT01_023.djvu 00140 (140) new
Hochfeder-05 001:00139 [?,];file:../../DjVu/Hochfeder-05.djvu?djvuopts=&highlight=1409,9,114,187&page=1;conbase&ra+#Hochfeder-05.djvu p 1 x 1426 y 27 h 82 w 119;※ 0_Hochfeder-05_PT01_023.djvu 00141 (141) new
Hochfeder-05 001:00141 [T7];file:../../DjVu/Hochfeder-05.djvu?djvuopts=&highlight=01533,00052,00070,00097&page=001;et+Hochfeder-05.djvu p 1 x 1533 y 52 h 70 w 97;※ 0_Hochfeder-05_PT01_023.djvu 00143 (143) new
Hochfeder-05 001:00142 [|];file:../../DjVu/Hochfeder-05.djvu?djvuopts=&highlight=01639,00041,00036,00129&page=001;is+Hochfeder-05.djvu p 1 x 1639 y 41 h 36 w 129;※ 0_Hochfeder-05_PT01_023.djvu 00144 (144) new
Hochfeder-05 001:00143 [P];file:../../DjVu/Hochfeder-05.djvu?djvuopts=&highlight=01699,00029,00088,00122&page=001;rum+Hochfeder-05.djvu p 1 x 1699 y 29 h 88 w 122;※ 0_Hochfeder-05_PT01_023.djvu 00145 (145) new
Hochfeder-05 001:00144 [09];file:../../DjVu/Hochfeder-05.djvu?djvuopts=&highlight=1812,9,68,193&page=1;usmod+Hochfeder-05.djvu p 1 x 1814 y 110 h 61 w 70;※ 0_Hochfeder-05_PT01_023.djvu 00146 (146) new
