"Wirzbięta-10+8 001:00000  [A]";file:../../DjVu/Wirzbięta-10+8.djvu?djvuopts=&highlight=00025,00370,00065,00066&page=001;Wirzbięta-10+8.djvu p 1 x 25 y 370 h 65 w 66;※ 0_Wirzbięta-10+8_PT11_563.djvu 00002 (2) new
"Wirzbięta-10+8 001:00001  [5]";file:../../DjVu/Wirzbięta-10+8.djvu?djvuopts=&highlight=00105,00369,00075,00064&page=001;Wirzbięta-10+8.djvu p 1 x 105 y 369 h 75 w 64;※ 0_Wirzbięta-10+8_PT11_563.djvu 00003 (3) new
"Wirzbięta-10+8 001:00002  [H]";file:../../DjVu/Wirzbięta-10+8.djvu?djvuopts=&highlight=00192,00372,00057,00064&page=001;Wirzbięta-10+8.djvu p 1 x 192 y 372 h 57 w 64;※ 0_Wirzbięta-10+8_PT11_563.djvu 00004 (4) new
"Wirzbięta-10+8 001:00003  [(]";file:../../DjVu/Wirzbięta-10+8.djvu?djvuopts=&highlight=00264,00372,00058,00063&page=001;Wirzbięta-10+8.djvu p 1 x 264 y 372 h 58 w 63;※ 0_Wirzbięta-10+8_PT11_563.djvu 00005 (5) new
"Wirzbięta-10+8 001:00004  [IB,]";file:../../DjVu/Wirzbięta-10+8.djvu?djvuopts=&highlight=00338,00372,00065,00065&page=001;Wirzbięta-10+8.djvu p 1 x 338 y 372 h 65 w 65;※ 0_Wirzbięta-10+8_PT11_563.djvu 00006 (6) new
"Wirzbięta-10+8 001:00005  [E]";file:../../DjVu/Wirzbięta-10+8.djvu?djvuopts=&highlight=00412,00372,00055,00065&page=001;Wirzbięta-10+8.djvu p 1 x 412 y 372 h 55 w 65;※ 0_Wirzbięta-10+8_PT11_563.djvu 00007 (7) new
"Wirzbięta-10+8 001:00006  [E]";file:../../DjVu/Wirzbięta-10+8.djvu?djvuopts=&highlight=00483,00381,00065,00056&page=001;Wirzbięta-10+8.djvu p 1 x 483 y 381 h 65 w 56;※ 0_Wirzbięta-10+8_PT11_563.djvu 00008 (8) add
"Wirzbięta-10+8 001:00007  [(;]";file:../../DjVu/Wirzbięta-10+8.djvu?djvuopts=&highlight=00553,00372,00063,00067&page=001;Wirzbięta-10+8.djvu p 1 x 553 y 372 h 63 w 67;※ 0_Wirzbięta-10+8_PT11_563.djvu 00009 (9) new
"Wirzbięta-10+8 001:00008  [H]";file:../../DjVu/Wirzbięta-10+8.djvu?djvuopts=&highlight=00631,00374,00069,00064&page=001;Wirzbięta-10+8.djvu p 1 x 631 y 374 h 69 w 64;※ 0_Wirzbięta-10+8_PT11_563.djvu 00010 (10) new
"Wirzbięta-10+8 001:00009  [1]";file:../../DjVu/Wirzbięta-10+8.djvu?djvuopts=&highlight=00715,00375,00032,00062&page=001;Wirzbięta-10+8.djvu p 1 x 715 y 375 h 32 w 62;※ 0_Wirzbięta-10+8_PT11_563.djvu 00011 (11) new
"Wirzbięta-10+8 001:00010  [K]";file:../../DjVu/Wirzbięta-10+8.djvu?djvuopts=&highlight=00763,00375,00072,00062&page=001;Wirzbięta-10+8.djvu p 1 x 763 y 375 h 72 w 62;※ 0_Wirzbięta-10+8_PT11_563.djvu 00012 (12) new
"Wirzbięta-10+8 001:00011  [I]";file:../../DjVu/Wirzbięta-10+8.djvu?djvuopts=&highlight=00851,00377,00050,00062&page=001;Wirzbięta-10+8.djvu p 1 x 851 y 377 h 50 w 62;※ 0_Wirzbięta-10+8_PT11_563.djvu 00013 (13) new
"Wirzbięta-10+8 001:00012  [M]";file:../../DjVu/Wirzbięta-10+8.djvu?djvuopts=&highlight=00915,00378,00078,00063&page=001;Wirzbięta-10+8.djvu p 1 x 915 y 378 h 78 w 63;※ 0_Wirzbięta-10+8_PT11_563.djvu 00014 (14) new
"Wirzbięta-10+8 001:00013  [N]";file:../../DjVu/Wirzbięta-10+8.djvu?djvuopts=&highlight=01008,00379,00065,00064&page=001;Wirzbięta-10+8.djvu p 1 x 1008 y 379 h 65 w 64;※ 0_Wirzbięta-10+8_PT11_563.djvu 00015 (15) new
"Wirzbięta-10+8 001:00014  [O]";file:../../DjVu/Wirzbięta-10+8.djvu?djvuopts=&highlight=01086,00377,00072,00067&page=001;Wirzbięta-10+8.djvu p 1 x 1086 y 377 h 72 w 67;※ 0_Wirzbięta-10+8_PT11_563.djvu 00016 (16) new
"Wirzbięta-10+8 001:00015  [P]";file:../../DjVu/Wirzbięta-10+8.djvu?djvuopts=&highlight=01171,00380,00051,00063&page=001;Wirzbięta-10+8.djvu p 1 x 1171 y 380 h 51 w 63;※ 0_Wirzbięta-10+8_PT11_563.djvu 00017 (17) new
"Wirzbięta-10+8 001:00016  [Q]";file:../../DjVu/Wirzbięta-10+8.djvu?djvuopts=&highlight=01231,00364,00104,00080&page=001;Wirzbięta-10+8.djvu p 1 x 1231 y 364 h 104 w 80;※ 0_Wirzbięta-10+8_PT11_563.djvu 00018 (18) new
"Wirzbięta-10+8 001:00017  [Q]";file:../../DjVu/Wirzbięta-10+8.djvu?djvuopts=&highlight=01336,00368,00062,00074&page=001;Wirzbięta-10+8.djvu p 1 x 1336 y 368 h 62 w 74;※ 0_Wirzbięta-10+8_PT11_563.djvu 00019 (19) add
"Wirzbięta-10+8 001:00018  [S]";file:../../DjVu/Wirzbięta-10+8.djvu?djvuopts=&highlight=01425,00381,00042,00060&page=001;Wirzbięta-10+8.djvu p 1 x 1425 y 381 h 42 w 60;※ 0_Wirzbięta-10+8_PT11_563.djvu 00020 (20) new
"Wirzbięta-10+8 001:00019  [TD]";file:../../DjVu/Wirzbięta-10+8.djvu?djvuopts=&highlight=01479,00381,00063,00062&page=001;Wirzbięta-10+8.djvu p 1 x 1479 y 381 h 63 w 62;※ 0_Wirzbięta-10+8_PT11_563.djvu 00021 (21) new
"Wirzbięta-10+8 001:00020  [WV]";file:../../DjVu/Wirzbięta-10+8.djvu?djvuopts=&highlight=01556,00378,00070,00063&page=001;Wirzbięta-10+8.djvu p 1 x 1556 y 378 h 70 w 63;※ 0_Wirzbięta-10+8_PT11_563.djvu 00022 (22) new
"Wirzbięta-10+8 001:00021  [4]";file:../../DjVu/Wirzbięta-10+8.djvu?djvuopts=&highlight=01636,00380,00066,00063&page=001;Wirzbięta-10+8.djvu p 1 x 1636 y 380 h 66 w 63;※ 0_Wirzbięta-10+8_PT11_563.djvu 00023 (23) new
"Wirzbięta-10+8 001:00022  [Y]";file:../../DjVu/Wirzbięta-10+8.djvu?djvuopts=&highlight=01713,00382,00063,00062&page=001;Wirzbięta-10+8.djvu p 1 x 1713 y 382 h 63 w 62;※ 0_Wirzbięta-10+8_PT11_563.djvu 00024 (24) new
"Wirzbięta-10+8 001:00023  [^,]";file:../../DjVu/Wirzbięta-10+8.djvu?djvuopts=&highlight=01785,00382,00071,00061&page=001;Wirzbięta-10+8.djvu p 1 x 1785 y 382 h 71 w 61;※ 0_Wirzbięta-10+8_PT11_563.djvu 00025 (25) new
"Wirzbięta-10+8 001:00024  [d]";file:../../DjVu/Wirzbięta-10+8.djvu?djvuopts=&highlight=00028,00262,00035,00041&page=001;Wirzbięta-10+8.djvu p 1 x 28 y 262 h 35 w 41;※ 0_Wirzbięta-10+8_PT11_563.djvu 00026 (26) new
"Wirzbięta-10+8 001:00025  [d]";file:../../DjVu/Wirzbięta-10+8.djvu?djvuopts=&highlight=00079,00268,00042,00036&page=001;Wirzbięta-10+8.djvu p 1 x 79 y 268 h 42 w 36;※ 0_Wirzbięta-10+8_PT11_563.djvu 00027 (27) add
"Wirzbięta-10+8 001:00026  [^]";file:../../DjVu/Wirzbięta-10+8.djvu?djvuopts=&highlight=00090,00304,00023,00024&page=001;Wirzbięta-10+8.djvu p 1 x 90 y 304 h 23 w 24;※ 0_Wirzbięta-10+8_PT11_563.djvu 00028 (28) new
"Wirzbięta-10+8 001:00027  [/ÁX]";file:../../DjVu/Wirzbięta-10+8.djvu?djvuopts=&highlight=00134,00302,00032,00022&page=001;Wirzbięta-10+8.djvu p 1 x 134 y 302 h 32 w 22;※ 0_Wirzbięta-10+8_PT11_563.djvu 00029 (29) new
"Wirzbięta-10+8 001:00028  [$i]";file:../../DjVu/Wirzbięta-10+8.djvu?djvuopts=&highlight=00134,00262,00034,00038&page=001;Wirzbięta-10+8.djvu p 1 x 134 y 262 h 34 w 38;※ 0_Wirzbięta-10+8_PT11_563.djvu 00030 (30) new
"Wirzbięta-10+8 001:00029  [AISP]";file:../../DjVu/Wirzbięta-10+8.djvu?djvuopts=&highlight=00184,00305,00033,00015&page=001;Wirzbięta-10+8.djvu p 1 x 184 y 305 h 33 w 15;※ 0_Wirzbięta-10+8_PT11_563.djvu 00031 (31) new
"Wirzbięta-10+8 001:00030  [AISP]";file:../../DjVu/Wirzbięta-10+8.djvu?djvuopts=&highlight=00184,00268,00037,00033&page=001;Wirzbięta-10+8.djvu p 1 x 184 y 268 h 37 w 33;※ 0_Wirzbięta-10+8_PT11_563.djvu 00032 (32) add
"Wirzbięta-10+8 001:00031  [E]";file:../../DjVu/Wirzbięta-10+8.djvu?djvuopts=&highlight=00233,00262,00045,00042&page=001;Wirzbięta-10+8.djvu p 1 x 233 y 262 h 45 w 42;※ 0_Wirzbięta-10+8_PT11_563.djvu 00033 (33) new
"Wirzbięta-10+8 001:00032  [b]";file:../../DjVu/Wirzbięta-10+8.djvu?djvuopts=&highlight=00293,00263,00042,00063&page=001;Wirzbięta-10+8.djvu p 1 x 293 y 263 h 42 w 63;※ 0_Wirzbięta-10+8_PT11_563.djvu 00034 (34) new
"Wirzbięta-10+8 001:00033  [C]";file:../../DjVu/Wirzbięta-10+8.djvu?djvuopts=&highlight=00351,00262,00027,00038&page=001;Wirzbięta-10+8.djvu p 1 x 351 y 262 h 27 w 38;※ 0_Wirzbięta-10+8_PT11_563.djvu 00035 (35) new
"Wirzbięta-10+8 001:00034  [ét]";file:../../DjVu/Wirzbięta-10+8.djvu?djvuopts=&highlight=00395,00262,00050,00060&page=001;Wirzbięta-10+8.djvu p 1 x 395 y 262 h 50 w 60;※ 0_Wirzbięta-10+8_PT11_563.djvu 00036 (36) new
"Wirzbięta-10+8 001:00035  [d]";file:../../DjVu/Wirzbięta-10+8.djvu?djvuopts=&highlight=00462,00262,00042,00065&page=001;Wirzbięta-10+8.djvu p 1 x 462 y 262 h 42 w 65;※ 0_Wirzbięta-10+8_PT11_563.djvu 00037 (37) new
"Wirzbięta-10+8 001:00036  [C]";file:../../DjVu/Wirzbięta-10+8.djvu?djvuopts=&highlight=00518,00262,00030,00040&page=001;Wirzbięta-10+8.djvu p 1 x 518 y 262 h 30 w 40;※ 0_Wirzbięta-10+8_PT11_563.djvu 00038 (38) new
"Wirzbięta-10+8 001:00037  [€]";file:../../DjVu/Wirzbięta-10+8.djvu?djvuopts=&highlight=00566,00266,00032,00036&page=001;Wirzbięta-10+8.djvu p 1 x 566 y 266 h 32 w 36;※ 0_Wirzbięta-10+8_PT11_563.djvu 00039 (39) new
"Wirzbięta-10+8 001:00038  [^]";file:../../DjVu/Wirzbięta-10+8.djvu?djvuopts=&highlight=00579,00304,00018,00024&page=001;Wirzbięta-10+8.djvu p 1 x 579 y 304 h 18 w 24;※ 0_Wirzbięta-10+8_PT11_563.djvu 00040 (40) new
"Wirzbięta-10+8 001:00039  [^]";file:../../DjVu/Wirzbięta-10+8.djvu?djvuopts=&highlight=00617,00269,00035,00033&page=001;Wirzbięta-10+8.djvu p 1 x 617 y 269 h 35 w 33;※ 0_Wirzbięta-10+8_PT11_563.djvu 00041 (41) add
"Wirzbięta-10+8 001:00040  [p]";file:../../DjVu/Wirzbięta-10+8.djvu?djvuopts=&highlight=00621,00304,00019,00025&page=001;Wirzbięta-10+8.djvu p 1 x 621 y 304 h 19 w 25;※ 0_Wirzbięta-10+8_PT11_563.djvu 00042 (42) new
"Wirzbięta-10+8 001:00041  [p]";file:../../DjVu/Wirzbięta-10+8.djvu?djvuopts=&highlight=00665,00270,00035,00032&page=001;Wirzbięta-10+8.djvu p 1 x 665 y 270 h 35 w 32;※ 0_Wirzbięta-10+8_PT11_563.djvu 00043 (43) add
"Wirzbięta-10+8 001:00042  [/^]";file:../../DjVu/Wirzbięta-10+8.djvu?djvuopts=&highlight=00668,00304,00028,00025&page=001;Wirzbięta-10+8.djvu p 1 x 668 y 304 h 28 w 25;※ 0_Wirzbięta-10+8_PT11_563.djvu 00044 (44) new
"Wirzbięta-10+8 001:00043  [/^]";file:../../DjVu/Wirzbięta-10+8.djvu?djvuopts=&highlight=00717,00273,00038,00031&page=001;Wirzbięta-10+8.djvu p 1 x 717 y 273 h 38 w 31;※ 0_Wirzbięta-10+8_PT11_563.djvu 00045 (45) add
"Wirzbięta-10+8 001:00044  []";file:../../DjVu/Wirzbięta-10+8.djvu?djvuopts=&highlight=00722,00311,00009,00010&page=001;Wirzbięta-10+8.djvu p 1 x 722 y 311 h 9 w 10;※ 0_Wirzbięta-10+8_PT11_563.djvu 00046 (46) new
"Wirzbięta-10+8 001:00045  []";file:../../DjVu/Wirzbięta-10+8.djvu?djvuopts=&highlight=00735,00310,00010,00012&page=001;Wirzbięta-10+8.djvu p 1 x 735 y 310 h 10 w 12;※ 0_Wirzbięta-10+8_PT11_563.djvu 00047 (47) new
"Wirzbięta-10+8 001:00046  []";file:../../DjVu/Wirzbięta-10+8.djvu?djvuopts=&highlight=00768,00273,00036,00031&page=001;Wirzbięta-10+8.djvu p 1 x 768 y 273 h 36 w 31;※ 0_Wirzbięta-10+8_PT11_563.djvu 00048 (48) add
"Wirzbięta-10+8 001:00047  [/""/wgp]";file:../../DjVu/Wirzbięta-10+8.djvu?djvuopts=&highlight=00774,00310,00029,00012&page=001;Wirzbięta-10+8.djvu p 1 x 774 y 310 h 29 w 12;※ 0_Wirzbięta-10+8_PT11_563.djvu 00049 (49) new
"Wirzbięta-10+8 001:00048  [€]";file:../../DjVu/Wirzbięta-10+8.djvu?djvuopts=&highlight=00822,00250,00031,00052&page=001;Wirzbięta-10+8.djvu p 1 x 822 y 250 h 31 w 52;※ 0_Wirzbięta-10+8_PT11_563.djvu 00050 (50) new
"Wirzbięta-10+8 001:00049  [""]";file:../../DjVu/Wirzbięta-10+8.djvu?djvuopts=&highlight=00873,00268,00031,00062&page=001;Wirzbięta-10+8.djvu p 1 x 873 y 268 h 31 w 62;※ 0_Wirzbięta-10+8_PT11_563.djvu 00051 (51) new
"Wirzbięta-10+8 001:00050  [t]";file:../../DjVu/Wirzbięta-10+8.djvu?djvuopts=&highlight=00920,00270,00059,00063&page=001;Wirzbięta-10+8.djvu p 1 x 920 y 270 h 59 w 63;※ 0_Wirzbięta-10+8_PT11_563.djvu 00052 (52) new
"Wirzbięta-10+8 001:00051  [Í]";file:../../DjVu/Wirzbięta-10+8.djvu?djvuopts=&highlight=00996,00270,00040,00062&page=001;Wirzbięta-10+8.djvu p 1 x 996 y 270 h 40 w 62;※ 0_Wirzbięta-10+8_PT11_563.djvu 00053 (53) new
"Wirzbięta-10+8 001:00052  [4]";file:../../DjVu/Wirzbięta-10+8.djvu?djvuopts=&highlight=01033,00316,00007,00007&page=001;Wirzbięta-10+8.djvu p 1 x 1033 y 316 h 7 w 7;※ 0_Wirzbięta-10+8_PT11_563.djvu 00054 (54) new
"Wirzbięta-10+8 001:00053  [(1]";file:../../DjVu/Wirzbięta-10+8.djvu?djvuopts=&highlight=01059,00267,00043,00069&page=001;Wirzbięta-10+8.djvu p 1 x 1059 y 267 h 43 w 69;※ 0_Wirzbięta-10+8_PT11_563.djvu 00055 (55) new
"Wirzbięta-10+8 001:00054  [e]";file:../../DjVu/Wirzbięta-10+8.djvu?djvuopts=&highlight=01125,00243,00040,00063&page=001;Wirzbięta-10+8.djvu p 1 x 1125 y 243 h 40 w 63;※ 0_Wirzbięta-10+8_PT11_563.djvu 00056 (56) new
"Wirzbięta-10+8 001:00055  [e]";file:../../DjVu/Wirzbięta-10+8.djvu?djvuopts=&highlight=01185,00291,00062,00043&page=001;Wirzbięta-10+8.djvu p 1 x 1185 y 291 h 62 w 43;※ 0_Wirzbięta-10+8_PT11_563.djvu 00057 (57) add
"Wirzbięta-10+8 001:00056  [||]";file:../../DjVu/Wirzbięta-10+8.djvu?djvuopts=&highlight=01245,00272,00019,00034&page=001;Wirzbięta-10+8.djvu p 1 x 1245 y 272 h 19 w 34;※ 0_Wirzbięta-10+8_PT11_563.djvu 00058 (58) new
"Wirzbięta-10+8 001:00057  [,]";file:../../DjVu/Wirzbięta-10+8.djvu?djvuopts=&highlight=01252,00311,00012,00017&page=001;Wirzbięta-10+8.djvu p 1 x 1252 y 311 h 12 w 17;※ 0_Wirzbięta-10+8_PT11_563.djvu 00059 (59) new
"Wirzbięta-10+8 001:00058  [r)]";file:../../DjVu/Wirzbięta-10+8.djvu?djvuopts=&highlight=01288,00253,00042,00056&page=001;Wirzbięta-10+8.djvu p 1 x 1288 y 253 h 42 w 56;※ 0_Wirzbięta-10+8_PT11_563.djvu 00060 (60) new
"Wirzbięta-10+8 001:00059  [P]";file:../../DjVu/Wirzbięta-10+8.djvu?djvuopts=&highlight=01292,00314,00015,00013&page=001;Wirzbięta-10+8.djvu p 1 x 1292 y 314 h 15 w 13;※ 0_Wirzbięta-10+8_PT11_563.djvu 00061 (61) new
"Wirzbięta-10+8 001:00060  [, 1]";file:../../DjVu/Wirzbięta-10+8.djvu?djvuopts=&highlight=01313,00316,00010,00012&page=001;Wirzbięta-10+8.djvu p 1 x 1313 y 316 h 10 w 12;※ 0_Wirzbięta-10+8_PT11_563.djvu 00062 (62) new
"Wirzbięta-10+8 001:00061  [k]";file:../../DjVu/Wirzbięta-10+8.djvu?djvuopts=&highlight=01348,00271,00045,00063&page=001;Wirzbięta-10+8.djvu p 1 x 1348 y 271 h 45 w 63;※ 0_Wirzbięta-10+8_PT11_563.djvu 00063 (63) new
"Wirzbięta-10+8 001:00062  [|]";file:../../DjVu/Wirzbięta-10+8.djvu?djvuopts=&highlight=01411,00273,00018,00060&page=001;Wirzbięta-10+8.djvu p 1 x 1411 y 273 h 18 w 60;※ 0_Wirzbięta-10+8_PT11_563.djvu 00064 (64) new
"Wirzbięta-10+8 001:00063  [IT)]";file:../../DjVu/Wirzbięta-10+8.djvu?djvuopts=&highlight=01449,00274,00054,00035&page=001;Wirzbięta-10+8.djvu p 1 x 1449 y 274 h 54 w 35;※ 0_Wirzbięta-10+8_PT11_563.djvu 00065 (65) new
"Wirzbięta-10+8 001:00064  [Bi]";file:../../DjVu/Wirzbięta-10+8.djvu?djvuopts=&highlight=01526,00271,00040,00037&page=001;Wirzbięta-10+8.djvu p 1 x 1526 y 271 h 40 w 37;※ 0_Wirzbięta-10+8_PT11_563.djvu 00066 (66) new
"Wirzbięta-10+8 001:00065  [4;íP]";file:../../DjVu/Wirzbięta-10+8.djvu?djvuopts=&highlight=01585,00312,00038,00012&page=001;Wirzbięta-10+8.djvu p 1 x 1585 y 312 h 38 w 12;※ 0_Wirzbięta-10+8_PT11_563.djvu 00067 (67) new
"Wirzbięta-10+8 001:00066  [4;íP]";file:../../DjVu/Wirzbięta-10+8.djvu?djvuopts=&highlight=01586,00269,00037,00038&page=001;Wirzbięta-10+8.djvu p 1 x 1586 y 269 h 37 w 38;※ 0_Wirzbięta-10+8_PT11_563.djvu 00068 (68) add
"Wirzbięta-10+8 001:00067  [Q]";file:../../DjVu/Wirzbięta-10+8.djvu?djvuopts=&highlight=01641,00272,00041,00037&page=001;Wirzbięta-10+8.djvu p 1 x 1641 y 272 h 41 w 37;※ 0_Wirzbięta-10+8_PT11_563.djvu 00069 (69) new
"Wirzbięta-10+8 001:00068  [Q]";file:../../DjVu/Wirzbięta-10+8.djvu?djvuopts=&highlight=01696,00265,00036,00043&page=001;Wirzbięta-10+8.djvu p 1 x 1696 y 265 h 36 w 43;※ 0_Wirzbięta-10+8_PT11_563.djvu 00070 (70) add
"Wirzbięta-10+8 001:00069  [Q]";file:../../DjVu/Wirzbięta-10+8.djvu?djvuopts=&highlight=01712,00316,00024,00020&page=001;Wirzbięta-10+8.djvu p 1 x 1712 y 316 h 24 w 20;※ 0_Wirzbięta-10+8_PT11_563.djvu 00071 (71) add
"Wirzbięta-10+8 001:00070  [b]";file:../../DjVu/Wirzbięta-10+8.djvu?djvuopts=&highlight=01755,00314,00008,00011&page=001;Wirzbięta-10+8.djvu p 1 x 1755 y 314 h 8 w 11;※ 0_Wirzbięta-10+8_PT11_563.djvu 00072 (72) new
"Wirzbięta-10+8 001:00071  [b]";file:../../DjVu/Wirzbięta-10+8.djvu?djvuopts=&highlight=01758,00270,00038,00040&page=001;Wirzbięta-10+8.djvu p 1 x 1758 y 270 h 38 w 40;※ 0_Wirzbięta-10+8_PT11_563.djvu 00073 (73) add
"Wirzbięta-10+8 001:00072  [P]";file:../../DjVu/Wirzbięta-10+8.djvu?djvuopts=&highlight=01778,00316,00014,00013&page=001;Wirzbięta-10+8.djvu p 1 x 1778 y 316 h 14 w 13;※ 0_Wirzbięta-10+8_PT11_563.djvu 00074 (74) new
"Wirzbięta-10+8 001:00073  [P]";file:../../DjVu/Wirzbięta-10+8.djvu?djvuopts=&highlight=01812,00267,00035,00040&page=001;Wirzbięta-10+8.djvu p 1 x 1812 y 267 h 35 w 40;※ 0_Wirzbięta-10+8_PT11_563.djvu 00075 (75) add
"Wirzbięta-10+8 001:00074  [P]";file:../../DjVu/Wirzbięta-10+8.djvu?djvuopts=&highlight=01815,00310,00012,00012&page=001;Wirzbięta-10+8.djvu p 1 x 1815 y 310 h 12 w 12;※ 0_Wirzbięta-10+8_PT11_563.djvu 00076 (76) add
"Wirzbięta-10+8 001:00075  [*.]";file:../../DjVu/Wirzbięta-10+8.djvu?djvuopts=&highlight=01835,00312,00011,00012&page=001;Wirzbięta-10+8.djvu p 1 x 1835 y 312 h 11 w 12;※ 0_Wirzbięta-10+8_PT11_563.djvu 00077 (77) new
"Wirzbięta-10+8 001:00076  ["".]";file:../../DjVu/Wirzbięta-10+8.djvu?djvuopts=&highlight=01122,00246,00014,00013&page=001;Wirzbięta-10+8.djvu p 1 x 1122 y 246 h 14 w 13;※ 0_Wirzbięta-10+8_PT11_563.djvu 00078 (78) new
"Wirzbięta-10+8 001:00077  [Q]";file:../../DjVu/Wirzbięta-10+8.djvu?djvuopts=&highlight=00092,00150,00045,00039&page=001;Wirzbięta-10+8.djvu p 1 x 92 y 150 h 45 w 39;※ 0_Wirzbięta-10+8_PT11_563.djvu 00079 (79) new
"Wirzbięta-10+8 001:00078  [Q]";file:../../DjVu/Wirzbięta-10+8.djvu?djvuopts=&highlight=00102,00188,00023,00028&page=001;Wirzbięta-10+8.djvu p 1 x 102 y 188 h 23 w 28;※ 0_Wirzbięta-10+8_PT11_563.djvu 00080 (80) add
"Wirzbięta-10+8 001:00079  [Q]";file:../../DjVu/Wirzbięta-10+8.djvu?djvuopts=&highlight=00149,00146,00036,00042&page=001;Wirzbięta-10+8.djvu p 1 x 149 y 146 h 36 w 42;※ 0_Wirzbięta-10+8_PT11_563.djvu 00081 (81) add
"Wirzbięta-10+8 001:00080  [mu""]";file:../../DjVu/Wirzbięta-10+8.djvu?djvuopts=&highlight=00157,00199,00012,00006&page=001;Wirzbięta-10+8.djvu p 1 x 157 y 199 h 12 w 6;※ 0_Wirzbięta-10+8_PT11_563.djvu 00082 (82) new
"Wirzbięta-10+8 001:00081  [mu""]";file:../../DjVu/Wirzbięta-10+8.djvu?djvuopts=&highlight=00171,00195,00008,00011&page=001;Wirzbięta-10+8.djvu p 1 x 171 y 195 h 8 w 11;※ 0_Wirzbięta-10+8_PT11_563.djvu 00083 (83) add
"Wirzbięta-10+8 001:00082  [F]";file:../../DjVu/Wirzbięta-10+8.djvu?djvuopts=&highlight=00206,00196,00039,00014&page=001;Wirzbięta-10+8.djvu p 1 x 206 y 196 h 39 w 14;※ 0_Wirzbięta-10+8_PT11_563.djvu 00084 (84) new
"Wirzbięta-10+8 001:00083  [F]";file:../../DjVu/Wirzbięta-10+8.djvu?djvuopts=&highlight=00206,00146,00039,00043&page=001;Wirzbięta-10+8.djvu p 1 x 206 y 146 h 39 w 43;※ 0_Wirzbięta-10+8_PT11_563.djvu 00085 (85) add
"Wirzbięta-10+8 001:00084  [CX]";file:../../DjVu/Wirzbięta-10+8.djvu?djvuopts=&highlight=00259,00150,00059,00042&page=001;Wirzbięta-10+8.djvu p 1 x 259 y 150 h 59 w 42;※ 0_Wirzbięta-10+8_PT11_563.djvu 00086 (86) new
"Wirzbięta-10+8 001:00085  [D]";file:../../DjVu/Wirzbięta-10+8.djvu?djvuopts=&highlight=00332,00126,00040,00065&page=001;Wirzbięta-10+8.djvu p 1 x 332 y 126 h 40 w 65;※ 0_Wirzbięta-10+8_PT11_563.djvu 00087 (87) new
"Wirzbięta-10+8 001:00086  [D]";file:../../DjVu/Wirzbięta-10+8.djvu?djvuopts=&highlight=00384,00149,00063,00041&page=001;Wirzbięta-10+8.djvu p 1 x 384 y 149 h 63 w 41;※ 0_Wirzbięta-10+8_PT11_563.djvu 00088 (88) add
"Wirzbięta-10+8 001:00087  [q]";file:../../DjVu/Wirzbięta-10+8.djvu?djvuopts=&highlight=00439,00128,00043,00065&page=001;Wirzbięta-10+8.djvu p 1 x 439 y 128 h 43 w 65;※ 0_Wirzbięta-10+8_PT11_563.djvu 00089 (89) new
"Wirzbięta-10+8 001:00088  [dq]";file:../../DjVu/Wirzbięta-10+8.djvu?djvuopts=&highlight=00497,00126,00040,00065&page=001;Wirzbięta-10+8.djvu p 1 x 497 y 126 h 40 w 65;※ 0_Wirzbięta-10+8_PT11_563.djvu 00090 (90) new
"Wirzbięta-10+8 001:00089  [|]";file:../../DjVu/Wirzbięta-10+8.djvu?djvuopts=&highlight=00550,00128,00040,00080&page=001;Wirzbięta-10+8.djvu p 1 x 550 y 128 h 40 w 80;※ 0_Wirzbięta-10+8_PT11_563.djvu 00091 (91) new
"Wirzbięta-10+8 001:00090  [Cp]";file:../../DjVu/Wirzbięta-10+8.djvu?djvuopts=&highlight=00604,00126,00056,00066&page=001;Wirzbięta-10+8.djvu p 1 x 604 y 126 h 56 w 66;※ 0_Wirzbięta-10+8_PT11_563.djvu 00092 (92) new
"Wirzbięta-10+8 001:00091  [C]";file:../../DjVu/Wirzbięta-10+8.djvu?djvuopts=&highlight=00674,00127,00059,00064&page=001;Wirzbięta-10+8.djvu p 1 x 674 y 127 h 59 w 64;※ 0_Wirzbięta-10+8_PT11_563.djvu 00093 (93) new
"Wirzbięta-10+8 001:00092  [P d]";file:../../DjVu/Wirzbięta-10+8.djvu?djvuopts=&highlight=00748,00189,00028,00022&page=001;Wirzbięta-10+8.djvu p 1 x 748 y 189 h 28 w 22;※ 0_Wirzbięta-10+8_PT11_563.djvu 00094 (94) new
"Wirzbięta-10+8 001:00093  [P d]";file:../../DjVu/Wirzbięta-10+8.djvu?djvuopts=&highlight=00749,00132,00064,00059&page=001;Wirzbięta-10+8.djvu p 1 x 749 y 132 h 64 w 59;※ 0_Wirzbięta-10+8_PT11_563.djvu 00095 (95) add
"Wirzbięta-10+8 001:00094  [Cb]";file:../../DjVu/Wirzbięta-10+8.djvu?djvuopts=&highlight=00822,00129,00063,00063&page=001;Wirzbięta-10+8.djvu p 1 x 822 y 129 h 63 w 63;※ 0_Wirzbięta-10+8_PT11_563.djvu 00096 (96) new
"Wirzbięta-10+8 001:00095  [up]";file:../../DjVu/Wirzbięta-10+8.djvu?djvuopts=&highlight=00824,00196,00046,00014&page=001;Wirzbięta-10+8.djvu p 1 x 824 y 196 h 46 w 14;※ 0_Wirzbięta-10+8_PT11_563.djvu 00097 (97) new
"Wirzbięta-10+8 001:00096  [A i]";file:../../DjVu/Wirzbięta-10+8.djvu?djvuopts=&highlight=00863,00178,00018,00015&page=001;Wirzbięta-10+8.djvu p 1 x 863 y 178 h 18 w 15;※ 0_Wirzbięta-10+8_PT11_563.djvu 00098 (98) new
"Wirzbięta-10+8 001:00097  [a]";file:../../DjVu/Wirzbięta-10+8.djvu?djvuopts=&highlight=00903,00158,00024,00036&page=001;Wirzbięta-10+8.djvu p 1 x 903 y 158 h 24 w 36;※ 0_Wirzbięta-10+8_PT11_563.djvu 00099 (99) new
"Wirzbięta-10+8 001:00098  []";file:../../DjVu/Wirzbięta-10+8.djvu?djvuopts=&highlight=00946,00159,00026,00037&page=001;Wirzbięta-10+8.djvu p 1 x 946 y 159 h 26 w 37;※ 0_Wirzbięta-10+8_PT11_563.djvu 00100 (100) new
"Wirzbięta-10+8 001:00099  []";file:../../DjVu/Wirzbięta-10+8.djvu?djvuopts=&highlight=00991,00191,00063,00030&page=001;Wirzbięta-10+8.djvu p 1 x 991 y 191 h 63 w 30;※ 0_Wirzbięta-10+8_PT11_563.djvu 00101 (101) add
"Wirzbięta-10+8 001:00100  [í.]";file:../../DjVu/Wirzbięta-10+8.djvu?djvuopts=&highlight=01039,00159,00039,00065&page=001;Wirzbięta-10+8.djvu p 1 x 1039 y 159 h 39 w 65;※ 0_Wirzbięta-10+8_PT11_563.djvu 00102 (102) new
"Wirzbięta-10+8 001:00101  [i]";file:../../DjVu/Wirzbięta-10+8.djvu?djvuopts=&highlight=01066,00158,00018,00040&page=001;Wirzbięta-10+8.djvu p 1 x 1066 y 158 h 18 w 40;※ 0_Wirzbięta-10+8_PT11_563.djvu 00103 (103) new
"Wirzbięta-10+8 001:00102  [""]";file:../../DjVu/Wirzbięta-10+8.djvu?djvuopts=&highlight=01077,00207,00008,00008&page=001;Wirzbięta-10+8.djvu p 1 x 1077 y 207 h 8 w 8;※ 0_Wirzbięta-10+8_PT11_563.djvu 00104 (104) new
"Wirzbięta-10+8 001:00103  [(T]";file:../../DjVu/Wirzbięta-10+8.djvu?djvuopts=&highlight=01104,00158,00062,00064&page=001;Wirzbięta-10+8.djvu p 1 x 1104 y 158 h 62 w 64;※ 0_Wirzbięta-10+8_PT11_563.djvu 00105 (105) new
"Wirzbięta-10+8 001:00104  [(1i]";file:../../DjVu/Wirzbięta-10+8.djvu?djvuopts=&highlight=01180,00161,00045,00063&page=001;Wirzbięta-10+8.djvu p 1 x 1180 y 161 h 45 w 63;※ 0_Wirzbięta-10+8_PT11_563.djvu 00106 (106) new
"Wirzbięta-10+8 001:00105  [t]";file:../../DjVu/Wirzbięta-10+8.djvu?djvuopts=&highlight=01241,00162,00022,00042&page=001;Wirzbięta-10+8.djvu p 1 x 1241 y 162 h 22 w 42;※ 0_Wirzbięta-10+8_PT11_563.djvu 00107 (107) new
"Wirzbięta-10+8 001:00106  [t]";file:../../DjVu/Wirzbięta-10+8.djvu?djvuopts=&highlight=01282,00159,00026,00047&page=001;Wirzbięta-10+8.djvu p 1 x 1282 y 159 h 26 w 47;※ 0_Wirzbięta-10+8_PT11_563.djvu 00108 (108) new
"Wirzbięta-10+8 001:00107  [a]";file:../../DjVu/Wirzbięta-10+8.djvu?djvuopts=&highlight=01284,00208,00024,00014&page=001;Wirzbięta-10+8.djvu p 1 x 1284 y 208 h 24 w 14;※ 0_Wirzbięta-10+8_PT11_563.djvu 00109 (109) new
"Wirzbięta-10+8 001:00108  [LU]";file:../../DjVu/Wirzbięta-10+8.djvu?djvuopts=&highlight=01327,00162,00042,00038&page=001;Wirzbięta-10+8.djvu p 1 x 1327 y 162 h 42 w 38;※ 0_Wirzbięta-10+8_PT11_563.djvu 00110 (110) new
"Wirzbięta-10+8 001:00109  [LU]";file:../../DjVu/Wirzbięta-10+8.djvu?djvuopts=&highlight=01384,00162,00039,00038&page=001;Wirzbięta-10+8.djvu p 1 x 1384 y 162 h 39 w 38;※ 0_Wirzbięta-10+8_PT11_563.djvu 00111 (111) new
"Wirzbięta-10+8 001:00110  [*]";file:../../DjVu/Wirzbięta-10+8.djvu?djvuopts=&highlight=01400,00206,00018,00020&page=001;Wirzbięta-10+8.djvu p 1 x 1400 y 206 h 18 w 20;※ 0_Wirzbięta-10+8_PT11_563.djvu 00112 (112) new
"Wirzbięta-10+8 001:00111  [Uu]";file:../../DjVu/Wirzbięta-10+8.djvu?djvuopts=&highlight=01439,00162,00036,00038&page=001;Wirzbięta-10+8.djvu p 1 x 1439 y 162 h 36 w 38;※ 0_Wirzbięta-10+8_PT11_563.djvu 00113 (113) new
"Wirzbięta-10+8 001:00112  [Uu]";file:../../DjVu/Wirzbięta-10+8.djvu?djvuopts=&highlight=01448,00205,00012,00009&page=001;Wirzbięta-10+8.djvu p 1 x 1448 y 205 h 12 w 9;※ 0_Wirzbięta-10+8_PT11_563.djvu 00114 (114) add
"Wirzbięta-10+8 001:00113  [Uu]";file:../../DjVu/Wirzbięta-10+8.djvu?djvuopts=&highlight=01490,00163,00036,00037&page=001;Wirzbięta-10+8.djvu p 1 x 1490 y 163 h 36 w 37;※ 0_Wirzbięta-10+8_PT11_563.djvu 00115 (115) add
"Wirzbięta-10+8 001:00114  [Uu]";file:../../DjVu/Wirzbięta-10+8.djvu?djvuopts=&highlight=01494,00195,00023,00030&page=001;Wirzbięta-10+8.djvu p 1 x 1494 y 195 h 23 w 30;※ 0_Wirzbięta-10+8_PT11_563.djvu 00116 (116) add
"Wirzbięta-10+8 001:00115  [Uu]";file:../../DjVu/Wirzbięta-10+8.djvu?djvuopts=&highlight=01542,00159,00038,00041&page=001;Wirzbięta-10+8.djvu p 1 x 1542 y 159 h 38 w 41;※ 0_Wirzbięta-10+8_PT11_563.djvu 00117 (117) add
"Wirzbięta-10+8 001:00116  [Uu]";file:../../DjVu/Wirzbięta-10+8.djvu?djvuopts=&highlight=01545,00185,00014,00035&page=001;Wirzbięta-10+8.djvu p 1 x 1545 y 185 h 14 w 35;※ 0_Wirzbięta-10+8_PT11_563.djvu 00118 (118) add
"Wirzbięta-10+8 001:00117  [V]";file:../../DjVu/Wirzbięta-10+8.djvu?djvuopts=&highlight=01595,00160,00040,00042&page=001;Wirzbięta-10+8.djvu p 1 x 1595 y 160 h 40 w 42;※ 0_Wirzbięta-10+8_PT11_563.djvu 00119 (119) new
"Wirzbięta-10+8 001:00118  [X]";file:../../DjVu/Wirzbięta-10+8.djvu?djvuopts=&highlight=01648,00164,00041,00037&page=001;Wirzbięta-10+8.djvu p 1 x 1648 y 164 h 41 w 37;※ 0_Wirzbięta-10+8_PT11_563.djvu 00120 (120) new
"Wirzbięta-10+8 001:00119  [y]";file:../../DjVu/Wirzbięta-10+8.djvu?djvuopts=&highlight=01702,00142,00041,00061&page=001;Wirzbięta-10+8.djvu p 1 x 1702 y 142 h 41 w 61;※ 0_Wirzbięta-10+8_PT11_563.djvu 00121 (121) new
"Wirzbięta-10+8 001:00120  [y]";file:../../DjVu/Wirzbięta-10+8.djvu?djvuopts=&highlight=01754,00166,00042,00036&page=001;Wirzbięta-10+8.djvu p 1 x 1754 y 166 h 42 w 36;※ 0_Wirzbięta-10+8_PT11_563.djvu 00122 (122) new
"Wirzbięta-10+8 001:00121  [""]";file:../../DjVu/Wirzbięta-10+8.djvu?djvuopts=&highlight=00164,00078,00002,00003&page=001;Wirzbięta-10+8.djvu p 1 x 164 y 78 h 2 w 3;※ 0_Wirzbięta-10+8_PT11_563.djvu 00123 (123) new
"Wirzbięta-10+8 001:00122  [Ww]";file:../../DjVu/Wirzbięta-10+8.djvu?djvuopts=&highlight=00373,00023,00096,00071&page=001;Wirzbięta-10+8.djvu p 1 x 373 y 23 h 96 w 71;※ 0_Wirzbięta-10+8_PT11_563.djvu 00124 (124) new
"Wirzbięta-10+8 001:00123  [Ww]";file:../../DjVu/Wirzbięta-10+8.djvu?djvuopts=&highlight=00475,00034,00037,00031&page=001;Wirzbięta-10+8.djvu p 1 x 475 y 34 h 37 w 31;※ 0_Wirzbięta-10+8_PT11_563.djvu 00125 (125) add
"Wirzbięta-10+8 001:00124  [£]";file:../../DjVu/Wirzbięta-10+8.djvu?djvuopts=&highlight=00522,00028,00035,00041&page=001;Wirzbięta-10+8.djvu p 1 x 522 y 28 h 35 w 41;※ 0_Wirzbięta-10+8_PT11_563.djvu 00126 (126) new
"Wirzbięta-10+8 001:00125  [1]";file:../../DjVu/Wirzbięta-10+8.djvu?djvuopts=&highlight=00574,00026,00027,00061&page=001;Wirzbięta-10+8.djvu p 1 x 574 y 26 h 27 w 61;※ 0_Wirzbięta-10+8_PT11_563.djvu 00127 (127) new
"Wirzbięta-10+8 001:00126  [1]";file:../../DjVu/Wirzbięta-10+8.djvu?djvuopts=&highlight=00617,00026,00037,00039&page=001;Wirzbięta-10+8.djvu p 1 x 617 y 26 h 37 w 39;※ 0_Wirzbięta-10+8_PT11_563.djvu 00128 (128) add
"Wirzbięta-10+8 001:00127  [y i]";file:../../DjVu/Wirzbięta-10+8.djvu?djvuopts=&highlight=00628,00070,00028,00026&page=001;Wirzbięta-10+8.djvu p 1 x 628 y 70 h 28 w 26;※ 0_Wirzbięta-10+8_PT11_563.djvu 00129 (129) new
"Wirzbięta-10+8 001:00128  [C]";file:../../DjVu/Wirzbięta-10+8.djvu?djvuopts=&highlight=00671,00028,00026,00034&page=001;Wirzbięta-10+8.djvu p 1 x 671 y 28 h 26 w 34;※ 0_Wirzbięta-10+8_PT11_563.djvu 00130 (130) new
"Wirzbięta-10+8 001:00129  [JP]";file:../../DjVu/Wirzbięta-10+8.djvu?djvuopts=&highlight=00676,00062,00020,00018&page=001;Wirzbięta-10+8.djvu p 1 x 676 y 62 h 20 w 18;※ 0_Wirzbięta-10+8_PT11_563.djvu 00131 (131) new
"Wirzbięta-10+8 001:00130  [W/]";file:../../DjVu/Wirzbięta-10+8.djvu?djvuopts=&highlight=00711,00028,00051,00036&page=001;Wirzbięta-10+8.djvu p 1 x 711 y 28 h 51 w 36;※ 0_Wirzbięta-10+8_PT11_563.djvu 00132 (132) new
"Wirzbięta-10+8 001:00131  [^.]";file:../../DjVu/Wirzbięta-10+8.djvu?djvuopts=&highlight=00777,00019,00046,00044&page=001;Wirzbięta-10+8.djvu p 1 x 777 y 19 h 46 w 44;※ 0_Wirzbięta-10+8_PT11_563.djvu 00133 (133) new
"Wirzbięta-10+8 001:00132  [o]";file:../../DjVu/Wirzbięta-10+8.djvu?djvuopts=&highlight=00790,00065,00018,00017&page=001;Wirzbięta-10+8.djvu p 1 x 790 y 65 h 18 w 17;※ 0_Wirzbięta-10+8_PT11_563.djvu 00134 (134) new
"Wirzbięta-10+8 001:00133  [&]";file:../../DjVu/Wirzbięta-10+8.djvu?djvuopts=&highlight=00918,00031,00054,00057&page=001;Wirzbięta-10+8.djvu p 1 x 918 y 31 h 54 w 57;※ 0_Wirzbięta-10+8_PT11_563.djvu 00135 (135) new
"Wirzbięta-10+8 001:00134  [9]";file:../../DjVu/Wirzbięta-10+8.djvu?djvuopts=&highlight=00993,00056,00028,00042&page=001;Wirzbięta-10+8.djvu p 1 x 993 y 56 h 28 w 42;※ 0_Wirzbięta-10+8_PT11_563.djvu 00136 (136) new
"Wirzbięta-10+8 001:00135  [(]";file:../../DjVu/Wirzbięta-10+8.djvu?djvuopts=&highlight=01107,00021,00028,00081&page=001;Wirzbięta-10+8.djvu p 1 x 1107 y 21 h 28 w 81;※ 0_Wirzbięta-10+8_PT11_563.djvu 00137 (137) new
"Wirzbięta-10+8 001:00136  [)]";file:../../DjVu/Wirzbięta-10+8.djvu?djvuopts=&highlight=01152,00021,00026,00079&page=001;Wirzbięta-10+8.djvu p 1 x 1152 y 21 h 26 w 79;※ 0_Wirzbięta-10+8_PT11_563.djvu 00138 (138) new
"Wirzbięta-10+8 001:00137  [?]";file:../../DjVu/Wirzbięta-10+8.djvu?djvuopts=&highlight=01194,00061,00022,00036&page=001;Wirzbięta-10+8.djvu p 1 x 1194 y 61 h 22 w 36;※ 0_Wirzbięta-10+8_PT11_563.djvu 00139 (139) new
"Wirzbięta-10+8 001:00138  [d]";file:../../DjVu/Wirzbięta-10+8.djvu?djvuopts=&highlight=01197,00038,00017,00018&page=001;Wirzbięta-10+8.djvu p 1 x 1197 y 38 h 17 w 18;※ 0_Wirzbięta-10+8_PT11_563.djvu 00140 (140) new
"Wirzbięta-10+8 001:00139  [d]";file:../../DjVu/Wirzbięta-10+8.djvu?djvuopts=&highlight=01236,00036,00017,00017&page=001;Wirzbięta-10+8.djvu p 1 x 1236 y 36 h 17 w 17;※ 0_Wirzbięta-10+8_PT11_563.djvu 00141 (141) add
"Wirzbięta-10+8 001:00140  [^,]";file:../../DjVu/Wirzbięta-10+8.djvu?djvuopts=&highlight=01238,00062,00016,00015&page=001;Wirzbięta-10+8.djvu p 1 x 1238 y 62 h 16 w 15;※ 0_Wirzbięta-10+8_PT11_563.djvu 00142 (142) new
"Wirzbięta-10+8 001:00141  [Pp]";file:../../DjVu/Wirzbięta-10+8.djvu?djvuopts=&highlight=01274,00056,00017,00019&page=001;Wirzbięta-10+8.djvu p 1 x 1274 y 56 h 17 w 19;※ 0_Wirzbięta-10+8_PT11_563.djvu 00143 (143) new
"Wirzbięta-10+8 001:00142  [Pp]";file:../../DjVu/Wirzbięta-10+8.djvu?djvuopts=&highlight=01276,00044,00021,00019&page=001;Wirzbięta-10+8.djvu p 1 x 1276 y 44 h 21 w 19;※ 0_Wirzbięta-10+8_PT11_563.djvu 00144 (144) add
"Wirzbięta-10+8 001:00143  [jJ]";file:../../DjVu/Wirzbięta-10+8.djvu?djvuopts=&highlight=01314,00024,00018,00025&page=001;Wirzbięta-10+8.djvu p 1 x 1314 y 24 h 18 w 25;※ 0_Wirzbięta-10+8_PT11_563.djvu 00145 (145) new
"Wirzbięta-10+8 001:00144  [9]";file:../../DjVu/Wirzbięta-10+8.djvu?djvuopts=&highlight=01353,00034,00018,00020&page=001;Wirzbięta-10+8.djvu p 1 x 1353 y 34 h 18 w 20;※ 0_Wirzbięta-10+8_PT11_563.djvu 00146 (146) new
"Wirzbięta-10+8 001:00145  [«]";file:../../DjVu/Wirzbięta-10+8.djvu?djvuopts=&highlight=01467,00033,00065,00064&page=001;Wirzbięta-10+8.djvu p 1 x 1467 y 33 h 65 w 64;※ 0_Wirzbięta-10+8_PT11_563.djvu 00147 (147) new
"Wirzbięta-10+8 001:00146  [EM]";file:../../DjVu/Wirzbięta-10+8.djvu?djvuopts=&highlight=01375,00137,00002,00001&page=001;Wirzbięta-10+8.djvu p 1 x 1375 y 137 h 2 w 1;※ 0_Wirzbięta-10+8_PT11_563.djvu 00148 (148) new
"Wirzbięta-10+8 001:00146  [EM]";file:../../DjVu/Wirzbięta-10+8.djvu?djvuopts=&highlight=01375,00137,00002,00001&page=001;Wirzbięta-10+8.djvu p 1 x 1375 y 137 h 2 w 1;※ 0_Wirzbięta-10+8_PT11_563.djvu 00149 (149) new
