Augezdecki-01 001:00000  [2l];file:../../DjVu/Augezdecki-01.djvu?djvuopts=&highlight=00047,00925,00064,00073&page=001;Augezdecki-01.djvu p 1 x 47 y 925 h 64 w 73;※ 0_Augezdecki-01_PT08_402.djvu 00002 (2) new
Augezdecki-01 001:00001  [2»];file:../../DjVu/Augezdecki-01.djvu?djvuopts=&highlight=00136,00932,00071,00069&page=001;Augezdecki-01.djvu p 1 x 136 y 932 h 71 w 69;※ 0_Augezdecki-01_PT08_402.djvu 00003 (3) new
Augezdecki-01 001:00002  [(];file:../../DjVu/Augezdecki-01.djvu?djvuopts=&highlight=00226,00930,00061,00076&page=001;Augezdecki-01.djvu p 1 x 226 y 930 h 61 w 76;※ 0_Augezdecki-01_PT08_402.djvu 00004 (4) new
Augezdecki-01 001:00003  [$.)];file:../../DjVu/Augezdecki-01.djvu?djvuopts=&highlight=00310,00934,00069,00066&page=001;Augezdecki-01.djvu p 1 x 310 y 934 h 69 w 66;※ 0_Augezdecki-01_PT08_402.djvu 00005 (5) new
Augezdecki-01 001:00004  [J£];file:../../DjVu/Augezdecki-01.djvu?djvuopts=&highlight=00397,00931,00076,00073&page=001;Augezdecki-01.djvu p 1 x 397 y 931 h 76 w 73;※ 0_Augezdecki-01_PT08_402.djvu 00006 (6) new
Augezdecki-01 001:00005  [4];file:../../DjVu/Augezdecki-01.djvu?djvuopts=&highlight=00490,00909,00055,00089&page=001;Augezdecki-01.djvu p 1 x 490 y 909 h 55 w 89;※ 0_Augezdecki-01_PT08_402.djvu 00007 (7) new
Augezdecki-01 001:00006  [(5];file:../../DjVu/Augezdecki-01.djvu?djvuopts=&highlight=00561,00922,00073,00079&page=001;Augezdecki-01.djvu p 1 x 561 y 922 h 73 w 79;※ 0_Augezdecki-01_PT08_402.djvu 00008 (8) new
Augezdecki-01 001:00007  [e];file:../../DjVu/Augezdecki-01.djvu?djvuopts=&highlight=00653,00919,00066,00085&page=001;Augezdecki-01.djvu p 1 x 653 y 919 h 66 w 85;※ 0_Augezdecki-01_PT08_402.djvu 00009 (9) new
Augezdecki-01 001:00009  [A];file:../../DjVu/Augezdecki-01.djvu?djvuopts=&highlight=00817,00922,00073,00075&page=001;Augezdecki-01.djvu p 1 x 817 y 922 h 73 w 75;※ 0_Augezdecki-01_PT08_402.djvu 00011 (11) new
Augezdecki-01 001:00010  [Á&];file:../../DjVu/Augezdecki-01.djvu?djvuopts=&highlight=00916,00924,00067,00072&page=001;Augezdecki-01.djvu p 1 x 916 y 924 h 67 w 72;※ 0_Augezdecki-01_PT08_402.djvu 00012 (12) new
Augezdecki-01 001:00011  [9];file:../../DjVu/Augezdecki-01.djvu?djvuopts=&highlight=01006,00918,00056,00074&page=001;Augezdecki-01.djvu p 1 x 1006 y 918 h 56 w 74;※ 0_Augezdecki-01_PT08_402.djvu 00013 (13) new
Augezdecki-01 001:00013  [tL];file:../../DjVu/Augezdecki-01.djvu?djvuopts=&highlight=01206,00921,00069,00067&page=001;Augezdecki-01.djvu p 1 x 1206 y 921 h 69 w 67;※ 0_Augezdecki-01_PT08_402.djvu 00015 (15) new
Augezdecki-01 001:00014  [(D];file:../../DjVu/Augezdecki-01.djvu?djvuopts=&highlight=01297,00916,00072,00072&page=001;Augezdecki-01.djvu p 1 x 1297 y 916 h 72 w 72;※ 0_Augezdecki-01_PT08_402.djvu 00016 (16) new
Augezdecki-01 001:00015  [(];file:../../DjVu/Augezdecki-01.djvu?djvuopts=&highlight=01395,00917,00052,00067&page=001;Augezdecki-01.djvu p 1 x 1395 y 917 h 52 w 67;※ 0_Augezdecki-01_PT08_402.djvu 00017 (17) new
Augezdecki-01 001:00016  [)];file:../../DjVu/Augezdecki-01.djvu?djvuopts=&highlight=01433,00917,00033,00067&page=001;Augezdecki-01.djvu p 1 x 1433 y 917 h 33 w 67;※ 0_Augezdecki-01_PT08_402.djvu 00018 (18) new
Augezdecki-01 001:00017  [(D];file:../../DjVu/Augezdecki-01.djvu?djvuopts=&highlight=01483,00915,00070,00069&page=001;Augezdecki-01.djvu p 1 x 1483 y 915 h 70 w 69;※ 0_Augezdecki-01_PT08_402.djvu 00019 (19) new
Augezdecki-01 001:00018  [P i];file:../../DjVu/Augezdecki-01.djvu?djvuopts=&highlight=01536,00921,00014,00013&page=001;Augezdecki-01.djvu p 1 x 1536 y 921 h 14 w 13;※ 0_Augezdecki-01_PT08_402.djvu 00020 (20) new
Augezdecki-01 001:00019  [D];file:../../DjVu/Augezdecki-01.djvu?djvuopts=&highlight=01580,00904,00058,00078&page=001;Augezdecki-01.djvu p 1 x 1580 y 904 h 58 w 78;※ 0_Augezdecki-01_PT08_402.djvu 00021 (21) new
Augezdecki-01 001:00020  [D];file:../../DjVu/Augezdecki-01.djvu?djvuopts=&highlight=01659,00916,00069,00068&page=001;Augezdecki-01.djvu p 1 x 1659 y 916 h 69 w 68;※ 0_Augezdecki-01_PT08_402.djvu 00022 (22) add
Augezdecki-01 001:00022  [2];file:../../DjVu/Augezdecki-01.djvu?djvuopts=&highlight=01755,00914,00065,00071&page=001;Augezdecki-01.djvu p 1 x 1755 y 914 h 65 w 71;※ 0_Augezdecki-01_PT08_402.djvu 00024 (24) new
Augezdecki-01 001:00023  [.-];file:../../DjVu/Augezdecki-01.djvu?djvuopts=&highlight=01787,00958,00023,00023&page=001;Augezdecki-01.djvu p 1 x 1787 y 958 h 23 w 23;※ 0_Augezdecki-01_PT08_402.djvu 00025 (25) new
Augezdecki-01 001:00024  [C^];file:../../DjVu/Augezdecki-01.djvu?djvuopts=&highlight=01836,00909,00088,00076&page=001;Augezdecki-01.djvu p 1 x 1836 y 909 h 88 w 76;※ 0_Augezdecki-01_PT08_402.djvu 00026 (26) new
Augezdecki-01 001:00025  [(ig];file:../../DjVu/Augezdecki-01.djvu?djvuopts=&highlight=01945,00916,00062,00069&page=001;Augezdecki-01.djvu p 1 x 1945 y 916 h 62 w 69;※ 0_Augezdecki-01_PT08_402.djvu 00027 (27) new
Augezdecki-01 001:00026  [5];file:../../DjVu/Augezdecki-01.djvu?djvuopts=&highlight=02021,00908,00069,00066&page=001;Augezdecki-01.djvu p 1 x 2021 y 908 h 69 w 66;※ 0_Augezdecki-01_PT08_402.djvu 00028 (28) new
Augezdecki-01 001:00027  [ID];file:../../DjVu/Augezdecki-01.djvu?djvuopts=&highlight=02112,00908,00093,00070&page=001;Augezdecki-01.djvu p 1 x 2112 y 908 h 93 w 70;※ 0_Augezdecki-01_PT08_402.djvu 00029 (29) new
Augezdecki-01 001:00028  [X];file:../../DjVu/Augezdecki-01.djvu?djvuopts=&highlight=02242,00908,00054,00072&page=001;Augezdecki-01.djvu p 1 x 2242 y 908 h 54 w 72;※ 0_Augezdecki-01_PT08_402.djvu 00030 (30) new
Augezdecki-01 001:00029  [y];file:../../DjVu/Augezdecki-01.djvu?djvuopts=&highlight=02320,00902,00059,00074&page=001;Augezdecki-01.djvu p 1 x 2320 y 902 h 59 w 74;※ 0_Augezdecki-01_PT08_402.djvu 00031 (31) new
Augezdecki-01 001:00030  [A];file:../../DjVu/Augezdecki-01.djvu?djvuopts=&highlight=02417,00903,00046,00067&page=001;Augezdecki-01.djvu p 1 x 2417 y 903 h 46 w 67;※ 0_Augezdecki-01_PT08_402.djvu 00032 (32) new
Augezdecki-01 001:00031  [A];file:../../DjVu/Augezdecki-01.djvu?djvuopts=&highlight=02496,00923,00068,00046&page=001;Augezdecki-01.djvu p 1 x 2496 y 923 h 68 w 46;※ 0_Augezdecki-01_PT08_402.djvu 00033 (33) add
Augezdecki-01 001:00032  [«];file:../../DjVu/Augezdecki-01.djvu?djvuopts=&highlight=02509,00970,00020,00015&page=001;Augezdecki-01.djvu p 1 x 2509 y 970 h 20 w 15;※ 0_Augezdecki-01_PT08_402.djvu 00034 (34) new
Augezdecki-01 001:00033  [ü];file:../../DjVu/Augezdecki-01.djvu?djvuopts=&highlight=00048,00772,00038,00046&page=001;Augezdecki-01.djvu p 1 x 48 y 772 h 38 w 46;※ 0_Augezdecki-01_PT08_402.djvu 00035 (35) new
Augezdecki-01 001:00034  [(4];file:../../DjVu/Augezdecki-01.djvu?djvuopts=&highlight=00108,00768,00034,00042&page=001;Augezdecki-01.djvu p 1 x 108 y 768 h 34 w 42;※ 0_Augezdecki-01_PT08_402.djvu 00036 (36) new
Augezdecki-01 001:00035  [il];file:../../DjVu/Augezdecki-01.djvu?djvuopts=&highlight=00119,00820,00028,00015&page=001;Augezdecki-01.djvu p 1 x 119 y 820 h 28 w 15;※ 0_Augezdecki-01_PT08_402.djvu 00037 (37) new
Augezdecki-01 001:00036  [il];file:../../DjVu/Augezdecki-01.djvu?djvuopts=&highlight=00170,00781,00046,00037&page=001;Augezdecki-01.djvu p 1 x 170 y 781 h 46 w 37;※ 0_Augezdecki-01_PT08_402.djvu 00038 (38) add
Augezdecki-01 001:00037  [il];file:../../DjVu/Augezdecki-01.djvu?djvuopts=&highlight=00177,00809,00013,00029&page=001;Augezdecki-01.djvu p 1 x 177 y 809 h 13 w 29;※ 0_Augezdecki-01_PT08_402.djvu 00039 (39) add
Augezdecki-01 001:00038 [b];file:../../DjVu/Augezdecki-01.djvu?djvuopts=&highlight=00239,00770,00039,00065&page=001;+ Augezdecki-01.djvu p 1 x 239 y 770 h 39 w 65;※ 0_Augezdecki-01_PT08_402.djvu 00040 (40) new
Augezdecki-01 001:00039 [[5];file:../../DjVu/Augezdecki-01.djvu?djvuopts=&highlight=00305,00769,00037,00061&page=001;+ Augezdecki-01.djvu p 1 x 305 y 769 h 37 w 61;※ 0_Augezdecki-01_PT08_402.djvu 00041 (41) new
Augezdecki-01 001:00040 [[5];file:../../DjVu/Augezdecki-01.djvu?djvuopts=&highlight=00368,00794,00063,00035&page=001;+# Augezdecki-01.djvu p 1 x 368 y 794 h 63 w 35;※ 0_Augezdecki-01_PT08_402.djvu 00042 (42) add
Augezdecki-01 001:00041  [C];file:../../DjVu/Augezdecki-01.djvu?djvuopts=&highlight=00417,00772,00028,00044&page=001;Augezdecki-01.djvu p 1 x 417 y 772 h 28 w 44;※ 0_Augezdecki-01_PT08_402.djvu 00043 (43) new
Augezdecki-01 001:00042  [cb];file:../../DjVu/Augezdecki-01.djvu?djvuopts=&highlight=00473,00759,00062,00074&page=001;Augezdecki-01.djvu p 1 x 473 y 759 h 62 w 74;※ 0_Augezdecki-01_PT08_402.djvu 00044 (44) new
Augezdecki-01 001:00043  [cb];file:../../DjVu/Augezdecki-01.djvu?djvuopts=&highlight=00555,00752,00065,00076&page=001;Augezdecki-01.djvu p 1 x 555 y 752 h 65 w 76;※ 0_Augezdecki-01_PT08_402.djvu 00045 (45) new
Augezdecki-01 001:00044  [d];file:../../DjVu/Augezdecki-01.djvu?djvuopts=&highlight=00643,00757,00070,00078&page=001;Augezdecki-01.djvu p 1 x 643 y 757 h 70 w 78;※ 0_Augezdecki-01_PT08_402.djvu 00046 (46) new
Augezdecki-01 001:00045 [o];file:../../DjVu/Augezdecki-01.djvu?djvuopts=&highlight=00745,00764,00037,00054&page=001;+ Augezdecki-01.djvu p 1 x 745 y 764 h 37 w 54;※ 0_Augezdecki-01_PT08_402.djvu 00047 (47) new
Augezdecki-01 001:00048 [e];file:../../DjVu/Augezdecki-01.djvu?djvuopts=&highlight=00912,00764,00038,00067&page=001;+ Augezdecki-01.djvu p 1 x 912 y 764 h 38 w 67;※ 0_Augezdecki-01_PT08_402.djvu 00050 (50) new
Augezdecki-01 001:00049  [e];file:../../DjVu/Augezdecki-01.djvu?djvuopts=&highlight=00978,00781,00043,00026&page=001;Augezdecki-01.djvu p 1 x 978 y 781 h 43 w 26;※ 0_Augezdecki-01_PT08_402.djvu 00051 (51) add
Augezdecki-01 001:00050  [e];file:../../DjVu/Augezdecki-01.djvu?djvuopts=&highlight=01027,00798,00014,00028&page=001;Augezdecki-01.djvu p 1 x 1027 y 798 h 14 w 28;※ 0_Augezdecki-01_PT08_402.djvu 00052 (52) add
Augezdecki-01 001:00051  [C];file:../../DjVu/Augezdecki-01.djvu?djvuopts=&highlight=01027,00761,00022,00041&page=001;Augezdecki-01.djvu p 1 x 1027 y 761 h 22 w 41;※ 0_Augezdecki-01_PT08_402.djvu 00053 (53) new
Augezdecki-01 001:00052  [C];file:../../DjVu/Augezdecki-01.djvu?djvuopts=&highlight=01075,00779,00042,00024&page=001;Augezdecki-01.djvu p 1 x 1075 y 779 h 42 w 24;※ 0_Augezdecki-01_PT08_402.djvu 00054 (54) add
Augezdecki-01 001:00053  [uim];file:../../DjVu/Augezdecki-01.djvu?djvuopts=&highlight=01081,00814,00022,00011&page=001;Augezdecki-01.djvu p 1 x 1081 y 814 h 22 w 11;※ 0_Augezdecki-01_PT08_402.djvu 00055 (55) new
Augezdecki-01 001:00054  [F];file:../../DjVu/Augezdecki-01.djvu?djvuopts=&highlight=01129,00746,00036,00072&page=001;Augezdecki-01.djvu p 1 x 1129 y 746 h 36 w 72;※ 0_Augezdecki-01_PT08_402.djvu 00056 (56) new
Augezdecki-01 001:00055  [IT];file:../../DjVu/Augezdecki-01.djvu?djvuopts=&highlight=01180,00742,00062,00086&page=001;Augezdecki-01.djvu p 1 x 1180 y 742 h 62 w 86;※ 0_Augezdecki-01_PT08_402.djvu 00057 (57) new
Augezdecki-01 001:00056  [(1];file:../../DjVu/Augezdecki-01.djvu?djvuopts=&highlight=01252,00739,00043,00082&page=001;Augezdecki-01.djvu p 1 x 1252 y 739 h 43 w 82;※ 0_Augezdecki-01_PT08_402.djvu 00058 (58) new
Augezdecki-01 001:00057  [ü];file:../../DjVu/Augezdecki-01.djvu?djvuopts=&highlight=01318,00733,00040,00063&page=001;Augezdecki-01.djvu p 1 x 1318 y 733 h 40 w 63;※ 0_Augezdecki-01_PT08_402.djvu 00059 (59) new
Augezdecki-01 001:00058 [b];file:../../DjVu/Augezdecki-01.djvu?djvuopts=&highlight=01392,00741,00040,00078&page=001;+ Augezdecki-01.djvu p 1 x 1392 y 741 h 40 w 78;※ 0_Augezdecki-01_PT08_402.djvu 00060 (60) new
Augezdecki-01 001:00059 [b];file:../../DjVu/Augezdecki-01.djvu?djvuopts=&highlight=01455,00747,00038,00074&page=001;+ Augezdecki-01.djvu p 1 x 1455 y 747 h 38 w 74;※ 0_Augezdecki-01_PT08_402.djvu 00061 (61) new
Augezdecki-01 001:00060 [f*];file:../../DjVu/Augezdecki-01.djvu?djvuopts=&highlight=01512,00751,00043,00063&page=001;+# Augezdecki-01.djvu p 1 x 1512 y 751 h 43 w 63;※ 0_Augezdecki-01_PT08_402.djvu 00062 (62) new
Augezdecki-01 001:00061  [)];file:../../DjVu/Augezdecki-01.djvu?djvuopts=&highlight=01531,00728,00022,00058&page=001;Augezdecki-01.djvu p 1 x 1531 y 728 h 22 w 58;※ 0_Augezdecki-01_PT08_402.djvu 00063 (63) new
Augezdecki-01 001:00062  [[];file:../../DjVu/Augezdecki-01.djvu?djvuopts=&highlight=01581,00754,00019,00043&page=001;Augezdecki-01.djvu p 1 x 1581 y 754 h 19 w 43;※ 0_Augezdecki-01_PT08_402.djvu 00064 (64) new
Augezdecki-01 001:00063  [ü];file:../../DjVu/Augezdecki-01.djvu?djvuopts=&highlight=01590,00804,00008,00014&page=001;Augezdecki-01.djvu p 1 x 1590 y 804 h 8 w 14;※ 0_Augezdecki-01_PT08_402.djvu 00065 (65) new
Augezdecki-01 001:00064  [];file:../../DjVu/Augezdecki-01.djvu?djvuopts=&highlight=01634,00751,00017,00047&page=001;Augezdecki-01.djvu p 1 x 1634 y 751 h 17 w 47;※ 0_Augezdecki-01_PT08_402.djvu 00066 (66) new
Augezdecki-01 001:00065  [5p];file:../../DjVu/Augezdecki-01.djvu?djvuopts=&highlight=01643,00804,00013,00016&page=001;Augezdecki-01.djvu p 1 x 1643 y 804 h 13 w 16;※ 0_Augezdecki-01_PT08_402.djvu 00067 (67) new
Augezdecki-01 001:00066  [5p];file:../../DjVu/Augezdecki-01.djvu?djvuopts=&highlight=01684,00806,00014,00020&page=001;Augezdecki-01.djvu p 1 x 1684 y 806 h 14 w 20;※ 0_Augezdecki-01_PT08_402.djvu 00068 (68) add
Augezdecki-01 001:00067  [[];file:../../DjVu/Augezdecki-01.djvu?djvuopts=&highlight=01684,00757,00017,00047&page=001;Augezdecki-01.djvu p 1 x 1684 y 757 h 17 w 47;※ 0_Augezdecki-01_PT08_402.djvu 00069 (69) new
Augezdecki-01 001:00068  [4];file:../../DjVu/Augezdecki-01.djvu?djvuopts=&highlight=01727,00755,00018,00038&page=001;Augezdecki-01.djvu p 1 x 1727 y 755 h 18 w 38;※ 0_Augezdecki-01_PT08_402.djvu 00070 (70) new
Augezdecki-01 001:00069  [(v];file:../../DjVu/Augezdecki-01.djvu?djvuopts=&highlight=01738,00804,00012,00012&page=001;Augezdecki-01.djvu p 1 x 1738 y 804 h 12 w 12;※ 0_Augezdecki-01_PT08_402.djvu 00071 (71) new
Augezdecki-01 001:00070  [];file:../../DjVu/Augezdecki-01.djvu?djvuopts=&highlight=01748,00744,00014,00048&page=001;Augezdecki-01.djvu p 1 x 1748 y 744 h 14 w 48;※ 0_Augezdecki-01_PT08_402.djvu 00072 (72) new
Augezdecki-01 001:00071  [og];file:../../DjVu/Augezdecki-01.djvu?djvuopts=&highlight=01756,00802,00013,00013&page=001;Augezdecki-01.djvu p 1 x 1756 y 802 h 13 w 13;※ 0_Augezdecki-01_PT08_402.djvu 00073 (73) new
Augezdecki-01 001:00072  [|];file:../../DjVu/Augezdecki-01.djvu?djvuopts=&highlight=01797,00735,00013,00056&page=001;Augezdecki-01.djvu p 1 x 1797 y 735 h 13 w 56;※ 0_Augezdecki-01_PT08_402.djvu 00074 (74) new
Augezdecki-01 001:00073  [d];file:../../DjVu/Augezdecki-01.djvu?djvuopts=&highlight=01802,00799,00008,00011&page=001;Augezdecki-01.djvu p 1 x 1802 y 799 h 8 w 11;※ 0_Augezdecki-01_PT08_402.djvu 00075 (75) new
Augezdecki-01 001:00074 [F];file:../../DjVu/Augezdecki-01.djvu?djvuopts=&highlight=01847,00751,00027,00065&page=001;+ Augezdecki-01.djvu p 1 x 1847 y 751 h 27 w 65;※ 0_Augezdecki-01_PT08_402.djvu 00076 (76) new
Augezdecki-01 001:00075  [];file:../../DjVu/Augezdecki-01.djvu?djvuopts=&highlight=01864,00795,00010,00017&page=001;Augezdecki-01.djvu p 1 x 1864 y 795 h 10 w 17;※ 0_Augezdecki-01_PT08_402.djvu 00077 (77) new
Augezdecki-01 001:00076 [1];file:../../DjVu/Augezdecki-01.djvu?djvuopts=&highlight=01901,00755,00021,00063&page=001;+# Augezdecki-01.djvu p 1 x 1901 y 755 h 21 w 63;※ 0_Augezdecki-01_PT08_402.djvu 00078 (78) new
Augezdecki-01 001:00077  [JT];file:../../DjVu/Augezdecki-01.djvu?djvuopts=&highlight=01915,00802,00011,00012&page=001;Augezdecki-01.djvu p 1 x 1915 y 802 h 11 w 12;※ 0_Augezdecki-01_PT08_402.djvu 00079 (79) new
Augezdecki-01 001:00078 [E];file:../../DjVu/Augezdecki-01.djvu?djvuopts=&highlight=01946,00754,00040,00072&page=001;+ Augezdecki-01.djvu p 1 x 1946 y 754 h 40 w 72;※ 0_Augezdecki-01_PT08_402.djvu 00080 (80) new
Augezdecki-01 001:00079 [E];file:../../DjVu/Augezdecki-01.djvu?djvuopts=&highlight=02006,00747,00043,00073&page=001;+ Augezdecki-01.djvu p 1 x 2006 y 747 h 43 w 73;※ 0_Augezdecki-01_PT08_402.djvu 00081 (81) new
Augezdecki-01 001:00080  [|];file:../../DjVu/Augezdecki-01.djvu?djvuopts=&highlight=02076,00752,00017,00066&page=001;Augezdecki-01.djvu p 1 x 2076 y 752 h 17 w 66;※ 0_Augezdecki-01_PT08_402.djvu 00082 (82) new
Augezdecki-01 001:00081 [f];file:../../DjVu/Augezdecki-01.djvu?djvuopts=&highlight=02129,00754,00029,00064&page=001;+ Augezdecki-01.djvu p 1 x 2129 y 754 h 29 w 64;※ 0_Augezdecki-01_PT08_402.djvu 00083 (83) new
Augezdecki-01 001:00082  [t];file:../../DjVu/Augezdecki-01.djvu?djvuopts=&highlight=02180,00752,00059,00046&page=001;Augezdecki-01.djvu p 1 x 2180 y 752 h 59 w 46;※ 0_Augezdecki-01_PT08_402.djvu 00084 (84) new
Augezdecki-01 001:00083  [11];file:../../DjVu/Augezdecki-01.djvu?djvuopts=&highlight=02258,00754,00038,00041&page=001;Augezdecki-01.djvu p 1 x 2258 y 754 h 38 w 41;※ 0_Augezdecki-01_PT08_402.djvu 00085 (85) new
Augezdecki-01 001:00084  []];file:../../DjVu/Augezdecki-01.djvu?djvuopts=&highlight=02305,00753,00014,00042&page=001;Augezdecki-01.djvu p 1 x 2305 y 753 h 14 w 42;※ 0_Augezdecki-01_PT08_402.djvu 00086 (86) new
Augezdecki-01 001:00085  [1]];file:../../DjVu/Augezdecki-01.djvu?djvuopts=&highlight=02351,00748,00038,00046&page=001;Augezdecki-01.djvu p 1 x 2351 y 748 h 38 w 46;※ 0_Augezdecki-01_PT08_402.djvu 00087 (87) new
Augezdecki-01 001:00086  [JUD];file:../../DjVu/Augezdecki-01.djvu?djvuopts=&highlight=02378,00800,00036,00014&page=001;Augezdecki-01.djvu p 1 x 2378 y 800 h 36 w 14;※ 0_Augezdecki-01_PT08_402.djvu 00088 (88) new
Augezdecki-01 001:00087  [f];file:../../DjVu/Augezdecki-01.djvu?djvuopts=&highlight=02393,00749,00022,00045&page=001;Augezdecki-01.djvu p 1 x 2393 y 749 h 22 w 45;※ 0_Augezdecki-01_PT08_402.djvu 00089 (89) new
Augezdecki-01 001:00088  [11];file:../../DjVu/Augezdecki-01.djvu?djvuopts=&highlight=02444,00753,00036,00045&page=001;Augezdecki-01.djvu p 1 x 2444 y 753 h 36 w 45;※ 0_Augezdecki-01_PT08_402.djvu 00090 (90) new
Augezdecki-01 001:00089  [ft?];file:../../DjVu/Augezdecki-01.djvu?djvuopts=&highlight=02505,00745,00041,00046&page=001;Augezdecki-01.djvu p 1 x 2505 y 745 h 41 w 46;※ 0_Augezdecki-01_PT08_402.djvu 00091 (91) new
Augezdecki-01 001:00090  [ft?];file:../../DjVu/Augezdecki-01.djvu?djvuopts=&highlight=02513,00775,00013,00034&page=001;Augezdecki-01.djvu p 1 x 2513 y 775 h 13 w 34;※ 0_Augezdecki-01_PT08_402.djvu 00092 (92) add
Augezdecki-01 001:00091  [Q];file:../../DjVu/Augezdecki-01.djvu?djvuopts=&highlight=00031,00619,00040,00051&page=001;Augezdecki-01.djvu p 1 x 31 y 619 h 40 w 51;※ 0_Augezdecki-01_PT08_402.djvu 00093 (93) new
Augezdecki-01 001:00092  [*];file:../../DjVu/Augezdecki-01.djvu?djvuopts=&highlight=00096,00617,00039,00046&page=001;Augezdecki-01.djvu p 1 x 96 y 617 h 39 w 46;※ 0_Augezdecki-01_PT08_402.djvu 00094 (94) new
Augezdecki-01 001:00093  [AA];file:../../DjVu/Augezdecki-01.djvu?djvuopts=&highlight=00112,00667,00025,00011&page=001;Augezdecki-01.djvu p 1 x 112 y 667 h 25 w 11;※ 0_Augezdecki-01_PT08_402.djvu 00095 (95) new
Augezdecki-01 001:00094  [AA];file:../../DjVu/Augezdecki-01.djvu?djvuopts=&highlight=00156,00625,00048,00038&page=001;Augezdecki-01.djvu p 1 x 156 y 625 h 48 w 38;※ 0_Augezdecki-01_PT08_402.djvu 00096 (96) add
Augezdecki-01 001:00095  [A];file:../../DjVu/Augezdecki-01.djvu?djvuopts=&highlight=00162,00667,00037,00018&page=001;Augezdecki-01.djvu p 1 x 162 y 667 h 37 w 18;※ 0_Augezdecki-01_PT08_402.djvu 00097 (97) new
Augezdecki-01 001:00096 [D];file:../../DjVu/Augezdecki-01.djvu?djvuopts=&highlight=00218,00597,00039,00056&page=001;+ Augezdecki-01.djvu p 1 x 218 y 597 h 39 w 56;※ 0_Augezdecki-01_PT08_402.djvu 00098 (98) new
Augezdecki-01 001:00097 [1];file:../../DjVu/Augezdecki-01.djvu?djvuopts=&highlight=00280,00594,00023,00060&page=001;+# Augezdecki-01.djvu p 1 x 280 y 594 h 23 w 60;※ 0_Augezdecki-01_PT08_402.djvu 00099 (99) new
Augezdecki-01 001:00098  [3];file:../../DjVu/Augezdecki-01.djvu?djvuopts=&highlight=00294,00617,00021,00036&page=001;Augezdecki-01.djvu p 1 x 294 y 617 h 21 w 36;※ 0_Augezdecki-01_PT08_402.djvu 00100 (100) new
Augezdecki-01 001:00099 [n,];file:../../DjVu/Augezdecki-01.djvu?djvuopts=&highlight=00338,00596,00056,00063&page=001;+ Augezdecki-01.djvu p 1 x 338 y 596 h 56 w 63;※ 0_Augezdecki-01_PT08_402.djvu 00101 (101) new
Augezdecki-01 001:00100  [4];file:../../DjVu/Augezdecki-01.djvu?djvuopts=&highlight=00419,00654,00014,00010&page=001;Augezdecki-01.djvu p 1 x 419 y 654 h 14 w 10;※ 0_Augezdecki-01_PT08_402.djvu 00102 (102) new
Augezdecki-01 001:00101 [pP];file:../../DjVu/Augezdecki-01.djvu?djvuopts=&highlight=00420,00591,00036,00056&page=001;+^ Augezdecki-01.djvu p 1 x 420 y 591 h 36 w 56;※ 0_Augezdecki-01_PT08_402.djvu 00103 (103) new
Augezdecki-01 001:00102  [pP];file:../../DjVu/Augezdecki-01.djvu?djvuopts=&highlight=00438,00649,00010,00016&page=001;Augezdecki-01.djvu p 1 x 438 y 649 h 10 w 16;※ 0_Augezdecki-01_PT08_402.djvu 00104 (104) add
Augezdecki-01 001:00103 [p];file:../../DjVu/Augezdecki-01.djvu?djvuopts=&highlight=00479,00588,00040,00061&page=001;+^ Augezdecki-01.djvu p 1 x 479 y 588 h 40 w 61;※ 0_Augezdecki-01_PT08_402.djvu 00105 (105) new
Augezdecki-01 001:00104  [AUEEF];file:../../DjVu/Augezdecki-01.djvu?djvuopts=&highlight=00491,00653,00029,00012&page=001;Augezdecki-01.djvu p 1 x 491 y 653 h 29 w 12;※ 0_Augezdecki-01_PT08_402.djvu 00106 (106) new
Augezdecki-01 001:00105 [P];file:../../DjVu/Augezdecki-01.djvu?djvuopts=&highlight=00542,00591,00047,00061&page=001;+^ Augezdecki-01.djvu p 1 x 542 y 591 h 47 w 61;※ 0_Augezdecki-01_PT08_402.djvu 00107 (107) new
Augezdecki-01 001:00106  [P];file:../../DjVu/Augezdecki-01.djvu?djvuopts=&highlight=00559,00638,00013,00030&page=001;Augezdecki-01.djvu p 1 x 559 y 638 h 13 w 30;※ 0_Augezdecki-01_PT08_402.djvu 00108 (108) add
Augezdecki-01 001:00107 [P];file:../../DjVu/Augezdecki-01.djvu?djvuopts=&highlight=00611,00612,00061,00039&page=001;+^ Augezdecki-01.djvu p 1 x 611 y 612 h 61 w 39;※ 0_Augezdecki-01_PT08_402.djvu 00109 (109) add
Augezdecki-01 001:00108  [P];file:../../DjVu/Augezdecki-01.djvu?djvuopts=&highlight=00626,00655,00017,00013&page=001;Augezdecki-01.djvu p 1 x 626 y 655 h 17 w 13;※ 0_Augezdecki-01_PT08_402.djvu 00110 (110) add
Augezdecki-01 001:00109  [Q];file:../../DjVu/Augezdecki-01.djvu?djvuopts=&highlight=00679,00587,00039,00067&page=001;Augezdecki-01.djvu p 1 x 679 y 587 h 39 w 67;※ 0_Augezdecki-01_PT08_402.djvu 00111 (111) new
Augezdecki-01 001:00110  [U];file:../../DjVu/Augezdecki-01.djvu?djvuopts=&highlight=00742,00601,00029,00044&page=001;Augezdecki-01.djvu p 1 x 742 y 601 h 29 w 44;※ 0_Augezdecki-01_PT08_402.djvu 00112 (112) new
Augezdecki-01 001:00111  [2];file:../../DjVu/Augezdecki-01.djvu?djvuopts=&highlight=00793,00603,00022,00046&page=001;Augezdecki-01.djvu p 1 x 793 y 603 h 22 w 46;※ 0_Augezdecki-01_PT08_402.djvu 00113 (113) new
Augezdecki-01 001:00112  [&];file:../../DjVu/Augezdecki-01.djvu?djvuopts=&highlight=00839,00603,00037,00049&page=001;Augezdecki-01.djvu p 1 x 839 y 603 h 37 w 49;※ 0_Augezdecki-01_PT08_402.djvu 00114 (114) new
Augezdecki-01 001:00113  [[];file:../../DjVu/Augezdecki-01.djvu?djvuopts=&highlight=00900,00589,00031,00076&page=001;Augezdecki-01.djvu p 1 x 900 y 589 h 31 w 76;※ 0_Augezdecki-01_PT08_402.djvu 00115 (115) new
Augezdecki-01 001:00114  []];file:../../DjVu/Augezdecki-01.djvu?djvuopts=&highlight=00951,00587,00034,00077&page=001;Augezdecki-01.djvu p 1 x 951 y 587 h 34 w 77;※ 0_Augezdecki-01_PT08_402.djvu 00116 (116) new
Augezdecki-01 001:00115  [í];file:../../DjVu/Augezdecki-01.djvu?djvuopts=&highlight=01001,00587,00022,00076&page=001;Augezdecki-01.djvu p 1 x 1001 y 587 h 22 w 76;※ 0_Augezdecki-01_PT08_402.djvu 00117 (117) new
Augezdecki-01 001:00116  [f.];file:../../DjVu/Augezdecki-01.djvu?djvuopts=&highlight=01041,00587,00038,00078&page=001;Augezdecki-01.djvu p 1 x 1041 y 587 h 38 w 78;※ 0_Augezdecki-01_PT08_402.djvu 00118 (118) new
Augezdecki-01 001:00117  [)];file:../../DjVu/Augezdecki-01.djvu?djvuopts=&highlight=01089,00583,00038,00082&page=001;Augezdecki-01.djvu p 1 x 1089 y 583 h 38 w 82;※ 0_Augezdecki-01_PT08_402.djvu 00119 (119) new
Augezdecki-01 001:00118  [(t];file:../../DjVu/Augezdecki-01.djvu?djvuopts=&highlight=01139,00587,00055,00077&page=001;Augezdecki-01.djvu p 1 x 1139 y 587 h 55 w 77;※ 0_Augezdecki-01_PT08_402.djvu 00120 (120) new
Augezdecki-01 001:00119  [fl];file:../../DjVu/Augezdecki-01.djvu?djvuopts=&highlight=01216,00587,00048,00082&page=001;Augezdecki-01.djvu p 1 x 1216 y 587 h 48 w 82;※ 0_Augezdecki-01_PT08_402.djvu 00121 (121) new
Augezdecki-01 001:00120  [(1.];file:../../DjVu/Augezdecki-01.djvu?djvuopts=&highlight=01286,00585,00061,00078&page=001;Augezdecki-01.djvu p 1 x 1286 y 585 h 61 w 78;※ 0_Augezdecki-01_PT08_402.djvu 00122 (122) new
Augezdecki-01 001:00121  [(1];file:../../DjVu/Augezdecki-01.djvu?djvuopts=&highlight=01358,00581,00043,00083&page=001;Augezdecki-01.djvu p 1 x 1358 y 581 h 43 w 83;※ 0_Augezdecki-01_PT08_402.djvu 00123 (123) new
Augezdecki-01 001:00122  [fi];file:../../DjVu/Augezdecki-01.djvu?djvuopts=&highlight=01423,00577,00043,00082&page=001;Augezdecki-01.djvu p 1 x 1423 y 577 h 43 w 82;※ 0_Augezdecki-01_PT08_402.djvu 00124 (124) new
Augezdecki-01 001:00123  [1];file:../../DjVu/Augezdecki-01.djvu?djvuopts=&highlight=01469,00593,00023,00068&page=001;Augezdecki-01.djvu p 1 x 1469 y 593 h 23 w 68;※ 0_Augezdecki-01_PT08_402.djvu 00125 (125) new
Augezdecki-01 001:00124  [1];file:../../DjVu/Augezdecki-01.djvu?djvuopts=&highlight=01517,00612,00080,00045&page=001;Augezdecki-01.djvu p 1 x 1517 y 612 h 80 w 45;※ 0_Augezdecki-01_PT08_402.djvu 00126 (126) add
Augezdecki-01 001:00125  [t];file:../../DjVu/Augezdecki-01.djvu?djvuopts=&highlight=01588,00599,00023,00049&page=001;Augezdecki-01.djvu p 1 x 1588 y 599 h 23 w 49;※ 0_Augezdecki-01_PT08_402.djvu 00127 (127) new
Augezdecki-01 001:00126  [AEN];file:../../DjVu/Augezdecki-01.djvu?djvuopts=&highlight=01634,00649,00025,00009&page=001;Augezdecki-01.djvu p 1 x 1634 y 649 h 25 w 9;※ 0_Augezdecki-01_PT08_402.djvu 00128 (128) new
Augezdecki-01 001:00127  [AEN];file:../../DjVu/Augezdecki-01.djvu?djvuopts=&highlight=01636,00620,00047,00023&page=001;Augezdecki-01.djvu p 1 x 1636 y 620 h 47 w 23;※ 0_Augezdecki-01_PT08_402.djvu 00129 (129) add
Augezdecki-01 001:00128  [AEN];file:../../DjVu/Augezdecki-01.djvu?djvuopts=&highlight=01694,00621,00041,00017&page=001;Augezdecki-01.djvu p 1 x 1694 y 621 h 41 w 17;※ 0_Augezdecki-01_PT08_402.djvu 00130 (130) add
Augezdecki-01 001:00129  [H];file:../../DjVu/Augezdecki-01.djvu?djvuopts=&highlight=01712,00597,00016,00039&page=001;Augezdecki-01.djvu p 1 x 1712 y 597 h 16 w 39;※ 0_Augezdecki-01_PT08_402.djvu 00131 (131) new
Augezdecki-01 001:00130  [H];file:../../DjVu/Augezdecki-01.djvu?djvuopts=&highlight=01758,00602,00045,00040&page=001;Augezdecki-01.djvu p 1 x 1758 y 602 h 45 w 40;※ 0_Augezdecki-01_PT08_402.djvu 00132 (132) add
Augezdecki-01 001:00131  [H];file:../../DjVu/Augezdecki-01.djvu?djvuopts=&highlight=01763,00630,00016,00034&page=001;Augezdecki-01.djvu p 1 x 1763 y 630 h 16 w 34;※ 0_Augezdecki-01_PT08_402.djvu 00133 (133) add
Augezdecki-01 001:00132  [p];file:../../DjVu/Augezdecki-01.djvu?djvuopts=&highlight=01814,00599,00037,00042&page=001;Augezdecki-01.djvu p 1 x 1814 y 599 h 37 w 42;※ 0_Augezdecki-01_PT08_402.djvu 00134 (134) new
Augezdecki-01 001:00133 [Y)];file:../../DjVu/Augezdecki-01.djvu?djvuopts=&highlight=01871,00599,00044,00062&page=001;+ Augezdecki-01.djvu p 1 x 1871 y 599 h 44 w 62;※ 0_Augezdecki-01_PT08_402.djvu 00135 (135) new
Augezdecki-01 001:00134  [bv V];file:../../DjVu/Augezdecki-01.djvu?djvuopts=&highlight=01927,00593,00063,00045&page=001;Augezdecki-01.djvu p 1 x 1927 y 593 h 63 w 45;※ 0_Augezdecki-01_PT08_402.djvu 00136 (136) new
Augezdecki-01 001:00135  [|];file:../../DjVu/Augezdecki-01.djvu?djvuopts=&highlight=02019,00584,00033,00053&page=001;Augezdecki-01.djvu p 1 x 2019 y 584 h 33 w 53;※ 0_Augezdecki-01_PT08_402.djvu 00137 (137) new
Augezdecki-01 001:00136  [Y];file:../../DjVu/Augezdecki-01.djvu?djvuopts=&highlight=02069,00575,00037,00060&page=001;Augezdecki-01.djvu p 1 x 2069 y 575 h 37 w 60;※ 0_Augezdecki-01_PT08_402.djvu 00138 (138) new
Augezdecki-01 001:00137  [Y];file:../../DjVu/Augezdecki-01.djvu?djvuopts=&highlight=02132,00599,00059,00035&page=001;Augezdecki-01.djvu p 1 x 2132 y 599 h 59 w 35;※ 0_Augezdecki-01_PT08_402.djvu 00139 (139) add
Augezdecki-01 001:00138  [a];file:../../DjVu/Augezdecki-01.djvu?djvuopts=&highlight=02178,00653,00003,00003&page=001;Augezdecki-01.djvu p 1 x 2178 y 653 h 3 w 3;※ 0_Augezdecki-01_PT08_402.djvu 00140 (140) new
Augezdecki-01 001:00139  [y];file:../../DjVu/Augezdecki-01.djvu?djvuopts=&highlight=02188,00569,00036,00063&page=001;Augezdecki-01.djvu p 1 x 2188 y 569 h 36 w 63;※ 0_Augezdecki-01_PT08_402.djvu 00141 (141) new
Augezdecki-01 001:00140  [y];file:../../DjVu/Augezdecki-01.djvu?djvuopts=&highlight=02192,00621,00012,00030&page=001;Augezdecki-01.djvu p 1 x 2192 y 621 h 12 w 30;※ 0_Augezdecki-01_PT08_402.djvu 00142 (142) add
Augezdecki-01 001:00141  [,];file:../../DjVu/Augezdecki-01.djvu?djvuopts=&highlight=02256,00575,00025,00058&page=001;Augezdecki-01.djvu p 1 x 2256 y 575 h 25 w 58;※ 0_Augezdecki-01_PT08_402.djvu 00143 (143) new
Augezdecki-01 001:00142 [oO];file:../../DjVu/Augezdecki-01.djvu?djvuopts=&highlight=02302,00605,00026,00032&page=001;+ Augezdecki-01.djvu p 1 x 2302 y 605 h 26 w 32;※ 0_Augezdecki-01_PT08_402.djvu 00144 (144) new
Augezdecki-01 001:00143 [D];file:../../DjVu/Augezdecki-01.djvu?djvuopts=&highlight=02364,00602,00025,00030&page=001;+ Augezdecki-01.djvu p 1 x 2364 y 602 h 25 w 30;※ 0_Augezdecki-01_PT08_402.djvu 00145 (145) new
Augezdecki-01 001:00144 [A.];file:../../DjVu/Augezdecki-01.djvu?djvuopts=&highlight=02422,00603,00018,00018&page=001;Augezdecki-01.djvu p 1 x 2422 y 603 h 18 w 18;※ 0_Augezdecki-01_PT08_402.djvu 00146 (146) new
Augezdecki-01 001:00145 [?];file:../../DjVu/Augezdecki-01.djvu?djvuopts=&highlight=02426,00580,00025,00054&page=001;+ Augezdecki-01.djvu p 1 x 2426 y 580 h 25 w 54;※ 0_Augezdecki-01_PT08_402.djvu 00147 (147) new
Augezdecki-01 001:00146 [Ó];file:../../DjVu/Augezdecki-01.djvu?djvuopts=&highlight=02485,00580,00042,00068&page=001;+ Augezdecki-01.djvu p 1 x 2485 y 580 h 42 w 68;※ 0_Augezdecki-01_PT08_402.djvu 00148 (148) new
Augezdecki-01 001:00147  [a];file:../../DjVu/Augezdecki-01.djvu?djvuopts=&highlight=00973,00560,00002,00003&page=001;Augezdecki-01.djvu p 1 x 973 y 560 h 2 w 3;※ 0_Augezdecki-01_PT08_402.djvu 00149 (149) new
Augezdecki-01 001:00148  [(];file:../../DjVu/Augezdecki-01.djvu?djvuopts=&highlight=00392,00429,00027,00067&page=001;Augezdecki-01.djvu p 1 x 392 y 429 h 27 w 67;※ 0_Augezdecki-01_PT08_402.djvu 00150 (150) new
Augezdecki-01 001:00149  [)];file:../../DjVu/Augezdecki-01.djvu?djvuopts=&highlight=00454,00427,00025,00069&page=001;Augezdecki-01.djvu p 1 x 454 y 427 h 25 w 69;※ 0_Augezdecki-01_PT08_402.djvu 00151 (151) new
Augezdecki-01 001:00150  [/];file:../../DjVu/Augezdecki-01.djvu?djvuopts=&highlight=00500,00429,00029,00058&page=001;Augezdecki-01.djvu p 1 x 500 y 429 h 29 w 58;※ 0_Augezdecki-01_PT08_402.djvu 00152 (152) new
Augezdecki-01 001:00152  [d];file:../../DjVu/Augezdecki-01.djvu?djvuopts=&highlight=00548,00447,00025,00016&page=001;Augezdecki-01.djvu p 1 x 548 y 447 h 25 w 16;※ 0_Augezdecki-01_PT08_402.djvu 00154 (154) new
Augezdecki-01 001:00153  [JP];file:../../DjVu/Augezdecki-01.djvu?djvuopts=&highlight=00598,00454,00028,00026&page=001;Augezdecki-01.djvu p 1 x 598 y 454 h 28 w 26;※ 0_Augezdecki-01_PT08_402.djvu 00155 (155) new
Augezdecki-01 001:00154  [JP];file:../../DjVu/Augezdecki-01.djvu?djvuopts=&highlight=00598,00433,00015,00014&page=001;Augezdecki-01.djvu p 1 x 598 y 433 h 15 w 14;※ 0_Augezdecki-01_PT08_402.djvu 00156 (156) add
Augezdecki-01 001:00155  [J];file:../../DjVu/Augezdecki-01.djvu?djvuopts=&highlight=00654,00451,00025,00030&page=001;Augezdecki-01.djvu p 1 x 654 y 451 h 25 w 30;※ 0_Augezdecki-01_PT08_402.djvu 00157 (157) new
Augezdecki-01 001:00156  [J];file:../../DjVu/Augezdecki-01.djvu?djvuopts=&highlight=00656,00424,00014,00013&page=001;Augezdecki-01.djvu p 1 x 656 y 424 h 14 w 13;※ 0_Augezdecki-01_PT08_402.djvu 00158 (158) add
Augezdecki-01 001:00159  [J];file:../../DjVu/Augezdecki-01.djvu?djvuopts=&highlight=00754,00415,00011,00023&page=001;Augezdecki-01.djvu p 1 x 754 y 415 h 11 w 23;※ 0_Augezdecki-01_PT08_402.djvu 00161 (161) new
Augezdecki-01 001:00160  [. 4];file:../../DjVu/Augezdecki-01.djvu?djvuopts=&highlight=00792,00414,00026,00029&page=001;Augezdecki-01.djvu p 1 x 792 y 414 h 26 w 29;※ 0_Augezdecki-01_PT08_402.djvu 00162 (162) new
Augezdecki-01 001:00161  [];file:../../DjVu/Augezdecki-01.djvu?djvuopts=&highlight=00843,00415,00016,00014&page=001;Augezdecki-01.djvu p 1 x 843 y 415 h 16 w 14;※ 0_Augezdecki-01_PT08_402.djvu 00163 (163) new
Augezdecki-01 001:00162  [ü];file:../../DjVu/Augezdecki-01.djvu?djvuopts=&highlight=00890,00417,00054,00072&page=001;Augezdecki-01.djvu p 1 x 890 y 417 h 54 w 72;※ 0_Augezdecki-01_PT08_402.djvu 00164 (164) new
Augezdecki-01 001:00163  [n];file:../../DjVu/Augezdecki-01.djvu?djvuopts=&highlight=00973,00410,00067,00071&page=001;Augezdecki-01.djvu p 1 x 973 y 410 h 67 w 71;※ 0_Augezdecki-01_PT08_402.djvu 00165 (165) new
Augezdecki-01 001:00164  [€];file:../../DjVu/Augezdecki-01.djvu?djvuopts=&highlight=01077,00409,00052,00080&page=001;Augezdecki-01.djvu p 1 x 1077 y 409 h 52 w 80;※ 0_Augezdecki-01_PT08_402.djvu 00166 (166) new
Augezdecki-01 001:00165  [rs];file:../../DjVu/Augezdecki-01.djvu?djvuopts=&highlight=01168,00421,00107,00068&page=001;Augezdecki-01.djvu p 1 x 1168 y 421 h 107 w 68;※ 0_Augezdecki-01_PT08_402.djvu 00167 (167) new
Augezdecki-01 001:00166  [(A];file:../../DjVu/Augezdecki-01.djvu?djvuopts=&highlight=01311,00409,00142,00099&page=001;Augezdecki-01.djvu p 1 x 1311 y 409 h 142 w 99;※ 0_Augezdecki-01_PT08_402.djvu 00168 (168) new
Augezdecki-01 001:00167  ['-];file:../../DjVu/Augezdecki-01.djvu?djvuopts=&highlight=01497,00425,00035,00038&page=001;Augezdecki-01.djvu p 1 x 1497 y 425 h 35 w 38;※ 0_Augezdecki-01_PT08_402.djvu 00169 (169) new
Augezdecki-01 001:00168  [];file:../../DjVu/Augezdecki-01.djvu?djvuopts=&highlight=01588,00420,00015,00042&page=001;Augezdecki-01.djvu p 1 x 1588 y 420 h 15 w 42;※ 0_Augezdecki-01_PT08_402.djvu 00170 (170) new
Augezdecki-01 001:00169  [J.];file:../../DjVu/Augezdecki-01.djvu?djvuopts=&highlight=01645,00424,00036,00038&page=001;Augezdecki-01.djvu p 1 x 1645 y 424 h 36 w 38;※ 0_Augezdecki-01_PT08_402.djvu 00171 (171) new
Augezdecki-01 001:00170  [4];file:../../DjVu/Augezdecki-01.djvu?djvuopts=&highlight=01715,00423,00027,00046&page=001;Augezdecki-01.djvu p 1 x 1715 y 423 h 27 w 46;※ 0_Augezdecki-01_PT08_402.djvu 00172 (172) new
Augezdecki-01 001:00171  [4.];file:../../DjVu/Augezdecki-01.djvu?djvuopts=&highlight=01780,00419,00039,00059&page=001;Augezdecki-01.djvu p 1 x 1780 y 419 h 39 w 59;※ 0_Augezdecki-01_PT08_402.djvu 00173 (173) new
Augezdecki-01 001:00172  [$];file:../../DjVu/Augezdecki-01.djvu?djvuopts=&highlight=01861,00420,00033,00055&page=001;Augezdecki-01.djvu p 1 x 1861 y 420 h 33 w 55;※ 0_Augezdecki-01_PT08_402.djvu 00174 (174) new
Augezdecki-01 001:00173  [ó];file:../../DjVu/Augezdecki-01.djvu?djvuopts=&highlight=01936,00419,00030,00062&page=001;Augezdecki-01.djvu p 1 x 1936 y 419 h 30 w 62;※ 0_Augezdecki-01_PT08_402.djvu 00175 (175) new
Augezdecki-01 001:00174  [A»];file:../../DjVu/Augezdecki-01.djvu?djvuopts=&highlight=02009,00428,00030,00037&page=001;Augezdecki-01.djvu p 1 x 2009 y 428 h 30 w 37;※ 0_Augezdecki-01_PT08_402.djvu 00176 (176) new
Augezdecki-01 001:00175  [$8];file:../../DjVu/Augezdecki-01.djvu?djvuopts=&highlight=02078,00417,00028,00046&page=001;Augezdecki-01.djvu p 1 x 2078 y 417 h 28 w 46;※ 0_Augezdecki-01_PT08_402.djvu 00177 (177) new
Augezdecki-01 001:00176  [9];file:../../DjVu/Augezdecki-01.djvu?djvuopts=&highlight=02152,00405,00035,00064&page=001;Augezdecki-01.djvu p 1 x 2152 y 405 h 35 w 64;※ 0_Augezdecki-01_PT08_402.djvu 00178 (178) new
Augezdecki-01 001:00177  [9];file:../../DjVu/Augezdecki-01.djvu?djvuopts=&highlight=00036,00310,00047,00037&page=001;Augezdecki-01.djvu p 1 x 36 y 310 h 47 w 37;※ 0_Augezdecki-01_PT08_402.djvu 00179 (179) add
Augezdecki-01 001:00178  [' d];file:../../DjVu/Augezdecki-01.djvu?djvuopts=&highlight=00059,00352,00009,00009&page=001;Augezdecki-01.djvu p 1 x 59 y 352 h 9 w 9;※ 0_Augezdecki-01_PT08_402.djvu 00180 (180) new
Augezdecki-01 001:00179  [ü];file:../../DjVu/Augezdecki-01.djvu?djvuopts=&highlight=00095,00296,00033,00047&page=001;Augezdecki-01.djvu p 1 x 95 y 296 h 33 w 47;※ 0_Augezdecki-01_PT08_402.djvu 00181 (181) new
Augezdecki-01 001:00181 [»];file:../../DjVu/Augezdecki-01.djvu?djvuopts=&highlight=00153,00293,00037,00050&page=001;++Augezdecki-01.djvu p 1 x 153 y 293 h 37 w 50;※ 0_Augezdecki-01_PT08_402.djvu 00183 (183) new
Augezdecki-01 001:00182 [X];file:../../DjVu/Augezdecki-01.djvu?djvuopts=&highlight=00209,00294,00034,00045&page=001;++Augezdecki-01.djvu p 1 x 209 y 294 h 34 w 45;※ 0_Augezdecki-01_PT08_402.djvu 00184 (184) new
Augezdecki-01 001:00183 [,];file:../../DjVu/Augezdecki-01.djvu?djvuopts=&highlight=00280,00282,00030,00054&page=001;++Augezdecki-01.djvu p 1 x 280 y 282 h 30 w 54;※ 0_Augezdecki-01_PT08_402.djvu 00185 (185) new
Augezdecki-01 001:00184  [,];file:../../DjVu/Augezdecki-01.djvu?djvuopts=&highlight=00351,00309,00043,00029&page=001;Augezdecki-01.djvu p 1 x 351 y 309 h 43 w 29;※ 0_Augezdecki-01_PT08_402.djvu 00186 (186) add
Augezdecki-01 001:00185  [,];file:../../DjVu/Augezdecki-01.djvu?djvuopts=&highlight=00363,00343,00011,00014&page=001;Augezdecki-01.djvu p 1 x 363 y 343 h 11 w 14;※ 0_Augezdecki-01_PT08_402.djvu 00187 (187) add
Augezdecki-01 001:00186  [,];file:../../DjVu/Augezdecki-01.djvu?djvuopts=&highlight=00410,00313,00046,00026&page=001;Augezdecki-01.djvu p 1 x 410 y 313 h 46 w 26;※ 0_Augezdecki-01_PT08_402.djvu 00188 (188) add
Augezdecki-01 001:00187  [,];file:../../DjVu/Augezdecki-01.djvu?djvuopts=&highlight=00414,00348,00011,00010&page=001;Augezdecki-01.djvu p 1 x 414 y 348 h 11 w 10;※ 0_Augezdecki-01_PT08_402.djvu 00189 (189) add
Augezdecki-01 001:00188  [,];file:../../DjVu/Augezdecki-01.djvu?djvuopts=&highlight=00429,00349,00011,00009&page=001;Augezdecki-01.djvu p 1 x 429 y 349 h 11 w 9;※ 0_Augezdecki-01_PT08_402.djvu 00190 (190) add
Augezdecki-01 001:00189  [e];file:../../DjVu/Augezdecki-01.djvu?djvuopts=&highlight=00459,00288,00033,00051&page=001;Augezdecki-01.djvu p 1 x 459 y 288 h 33 w 51;※ 0_Augezdecki-01_PT08_402.djvu 00191 (191) new
Augezdecki-01 001:00191  [e];file:../../DjVu/Augezdecki-01.djvu?djvuopts=&highlight=00520,00289,00029,00049&page=001;Augezdecki-01.djvu p 1 x 520 y 289 h 29 w 49;※ 0_Augezdecki-01_PT08_402.djvu 00193 (193) new
Augezdecki-01 001:00196  [f];file:../../DjVu/Augezdecki-01.djvu?djvuopts=&highlight=00683,00267,00025,00064&page=001;Augezdecki-01.djvu p 1 x 683 y 267 h 25 w 64;※ 0_Augezdecki-01_PT08_402.djvu 00198 (198) new
Augezdecki-01 001:00197  [C];file:../../DjVu/Augezdecki-01.djvu?djvuopts=&highlight=00734,00268,00028,00059&page=001;Augezdecki-01.djvu p 1 x 734 y 268 h 28 w 59;※ 0_Augezdecki-01_PT08_402.djvu 00199 (199) new
Augezdecki-01 001:00198  [T11];file:../../DjVu/Augezdecki-01.djvu?djvuopts=&highlight=00785,00281,00062,00046&page=001;Augezdecki-01.djvu p 1 x 785 y 281 h 62 w 46;※ 0_Augezdecki-01_PT08_402.djvu 00200 (200) new
Augezdecki-01 001:00199  [];file:../../DjVu/Augezdecki-01.djvu?djvuopts=&highlight=00843,00327,00007,00013&page=001;Augezdecki-01.djvu p 1 x 843 y 327 h 7 w 13;※ 0_Augezdecki-01_PT08_402.djvu 00201 (201) new
Augezdecki-01 001:00200  [];file:../../DjVu/Augezdecki-01.djvu?djvuopts=&highlight=00878,00262,00047,00062&page=001;Augezdecki-01.djvu p 1 x 878 y 262 h 47 w 62;※ 0_Augezdecki-01_PT08_402.djvu 00202 (202) add
Augezdecki-01 001:00201  [];file:../../DjVu/Augezdecki-01.djvu?djvuopts=&highlight=00888,00333,00011,00009&page=001;Augezdecki-01.djvu p 1 x 888 y 333 h 11 w 9;※ 0_Augezdecki-01_PT08_402.djvu 00203 (203) add
Augezdecki-01 001:00202  [)]];file:../../DjVu/Augezdecki-01.djvu?djvuopts=&highlight=00965,00278,00036,00047&page=001;Augezdecki-01.djvu p 1 x 965 y 278 h 36 w 47;※ 0_Augezdecki-01_PT08_402.djvu 00204 (204) new
Augezdecki-01 001:00203  [)]];file:../../DjVu/Augezdecki-01.djvu?djvuopts=&highlight=00984,00332,00011,00012&page=001;Augezdecki-01.djvu p 1 x 984 y 332 h 11 w 12;※ 0_Augezdecki-01_PT08_402.djvu 00205 (205) add
Augezdecki-01 001:00204  [11];file:../../DjVu/Augezdecki-01.djvu?djvuopts=&highlight=01019,00277,00036,00042&page=001;Augezdecki-01.djvu p 1 x 1019 y 277 h 36 w 42;※ 0_Augezdecki-01_PT08_402.djvu 00206 (206) new
Augezdecki-01 001:00209  [A2];file:../../DjVu/Augezdecki-01.djvu?djvuopts=&highlight=01177,00327,00021,00012&page=001;Augezdecki-01.djvu p 1 x 1177 y 327 h 21 w 12;※ 0_Augezdecki-01_PT08_402.djvu 00211 (211) new
Augezdecki-01 001:00210  [A2];file:../../DjVu/Augezdecki-01.djvu?djvuopts=&highlight=01227,00285,00045,00035&page=001;Augezdecki-01.djvu p 1 x 1227 y 285 h 45 w 35;※ 0_Augezdecki-01_PT08_402.djvu 00212 (212) add
Augezdecki-01 001:00211  [A2];file:../../DjVu/Augezdecki-01.djvu?djvuopts=&highlight=01241,00320,00016,00022&page=001;Augezdecki-01.djvu p 1 x 1241 y 320 h 16 w 22;※ 0_Augezdecki-01_PT08_402.djvu 00213 (213) add
Augezdecki-01 001:00212  [r];file:../../DjVu/Augezdecki-01.djvu?djvuopts=&highlight=01265,00313,00004,00009&page=001;Augezdecki-01.djvu p 1 x 1265 y 313 h 4 w 9;※ 0_Augezdecki-01_PT08_402.djvu 00214 (214) new
Augezdecki-01 001:00213  [r];file:../../DjVu/Augezdecki-01.djvu?djvuopts=&highlight=01294,00281,00044,00038&page=001;Augezdecki-01.djvu p 1 x 1294 y 281 h 44 w 38;※ 0_Augezdecki-01_PT08_402.djvu 00215 (215) add
Augezdecki-01 001:00214  [- od];file:../../DjVu/Augezdecki-01.djvu?djvuopts=&highlight=01299,00325,00030,00010&page=001;Augezdecki-01.djvu p 1 x 1299 y 325 h 30 w 10;※ 0_Augezdecki-01_PT08_402.djvu 00216 (216) new
Augezdecki-01 001:00215  [- od];file:../../DjVu/Augezdecki-01.djvu?djvuopts=&highlight=01355,00284,00042,00034&page=001;Augezdecki-01.djvu p 1 x 1355 y 284 h 42 w 34;※ 0_Augezdecki-01_PT08_402.djvu 00217 (217) add
Augezdecki-01 001:00216  [- od];file:../../DjVu/Augezdecki-01.djvu?djvuopts=&highlight=01364,00307,00012,00029&page=001;Augezdecki-01.djvu p 1 x 1364 y 307 h 12 w 29;※ 0_Augezdecki-01_PT08_402.djvu 00218 (218) add
Augezdecki-01 001:00217  [- od];file:../../DjVu/Augezdecki-01.djvu?djvuopts=&highlight=01420,00285,00047,00037&page=001;Augezdecki-01.djvu p 1 x 1420 y 285 h 47 w 37;※ 0_Augezdecki-01_PT08_402.djvu 00219 (219) add
Augezdecki-01 001:00218  [- od];file:../../DjVu/Augezdecki-01.djvu?djvuopts=&highlight=01436,00322,00014,00019&page=001;Augezdecki-01.djvu p 1 x 1436 y 322 h 14 w 19;※ 0_Augezdecki-01_PT08_402.djvu 00220 (220) add
Augezdecki-01 001:00219  [- od];file:../../DjVu/Augezdecki-01.djvu?djvuopts=&highlight=01485,00278,00046,00039&page=001;Augezdecki-01.djvu p 1 x 1485 y 278 h 46 w 39;※ 0_Augezdecki-01_PT08_402.djvu 00221 (221) add
Augezdecki-01 001:00220  [an];file:../../DjVu/Augezdecki-01.djvu?djvuopts=&highlight=01502,00323,00022,00014&page=001;Augezdecki-01.djvu p 1 x 1502 y 323 h 22 w 14;※ 0_Augezdecki-01_PT08_402.djvu 00222 (222) new
Augezdecki-01 001:00221  [Q];file:../../DjVu/Augezdecki-01.djvu?djvuopts=&highlight=01546,00273,00035,00044&page=001;Augezdecki-01.djvu p 1 x 1546 y 273 h 35 w 44;※ 0_Augezdecki-01_PT08_402.djvu 00223 (223) new
Augezdecki-01 001:00222  [Q];file:../../DjVu/Augezdecki-01.djvu?djvuopts=&highlight=01550,00304,00014,00034&page=001;Augezdecki-01.djvu p 1 x 1550 y 304 h 14 w 34;※ 0_Augezdecki-01_PT08_402.djvu 00224 (224) add
Augezdecki-01 001:00223  [Q];file:../../DjVu/Augezdecki-01.djvu?djvuopts=&highlight=01612,00279,00049,00041&page=001;Augezdecki-01.djvu p 1 x 1612 y 279 h 49 w 41;※ 0_Augezdecki-01_PT08_402.djvu 00225 (225) add
Augezdecki-01 001:00224  [Q];file:../../DjVu/Augezdecki-01.djvu?djvuopts=&highlight=01615,00312,00014,00027&page=001;Augezdecki-01.djvu p 1 x 1615 y 312 h 14 w 27;※ 0_Augezdecki-01_PT08_402.djvu 00226 (226) add
Augezdecki-01 001:00225  [Q];file:../../DjVu/Augezdecki-01.djvu?djvuopts=&highlight=01677,00283,00046,00036&page=001;Augezdecki-01.djvu p 1 x 1677 y 283 h 46 w 36;※ 0_Augezdecki-01_PT08_402.djvu 00227 (227) add
Augezdecki-01 001:00226  [Q];file:../../DjVu/Augezdecki-01.djvu?djvuopts=&highlight=01694,00324,00014,00015&page=001;Augezdecki-01.djvu p 1 x 1694 y 324 h 14 w 15;※ 0_Augezdecki-01_PT08_402.djvu 00228 (228) add
Augezdecki-01 001:00227  [ó];file:../../DjVu/Augezdecki-01.djvu?djvuopts=&highlight=01732,00270,00040,00065&page=001;Augezdecki-01.djvu p 1 x 1732 y 270 h 40 w 65;※ 0_Augezdecki-01_PT08_402.djvu 00229 (229) new
Augezdecki-01 001:00228  [ó];file:../../DjVu/Augezdecki-01.djvu?djvuopts=&highlight=01796,00277,00045,00039&page=001;Augezdecki-01.djvu p 1 x 1796 y 277 h 45 w 39;※ 0_Augezdecki-01_PT08_402.djvu 00230 (230) add
Augezdecki-01 001:00229  [ó];file:../../DjVu/Augezdecki-01.djvu?djvuopts=&highlight=01812,00318,00010,00015&page=001;Augezdecki-01.djvu p 1 x 1812 y 318 h 10 w 15;※ 0_Augezdecki-01_PT08_402.djvu 00231 (231) add
Augezdecki-01 001:00230  [ó];file:../../DjVu/Augezdecki-01.djvu?djvuopts=&highlight=01855,00274,00059,00039&page=001;Augezdecki-01.djvu p 1 x 1855 y 274 h 59 w 39;※ 0_Augezdecki-01_PT08_402.djvu 00232 (232) add
Augezdecki-01 001:00231  [];file:../../DjVu/Augezdecki-01.djvu?djvuopts=&highlight=01872,00318,00018,00011&page=001;Augezdecki-01.djvu p 1 x 1872 y 318 h 18 w 11;※ 0_Augezdecki-01_PT08_402.djvu 00233 (233) new
Augezdecki-01 001:00232  [U];file:../../DjVu/Augezdecki-01.djvu?djvuopts=&highlight=01918,00273,00029,00041&page=001;Augezdecki-01.djvu p 1 x 1918 y 273 h 29 w 41;※ 0_Augezdecki-01_PT08_402.djvu 00234 (234) new
Augezdecki-01 001:00233  [. d];file:../../DjVu/Augezdecki-01.djvu?djvuopts=&highlight=01925,00321,00019,00012&page=001;Augezdecki-01.djvu p 1 x 1925 y 321 h 19 w 12;※ 0_Augezdecki-01_PT08_402.djvu 00235 (235) new
Augezdecki-01 001:00234  [€3];file:../../DjVu/Augezdecki-01.djvu?djvuopts=&highlight=01970,00273,00036,00041&page=001;Augezdecki-01.djvu p 1 x 1970 y 273 h 36 w 41;※ 0_Augezdecki-01_PT08_402.djvu 00236 (236) new
Augezdecki-01 001:00235  [€3];file:../../DjVu/Augezdecki-01.djvu?djvuopts=&highlight=01977,00320,00011,00013&page=001;Augezdecki-01.djvu p 1 x 1977 y 320 h 11 w 13;※ 0_Augezdecki-01_PT08_402.djvu 00237 (237) add
Augezdecki-01 001:00236  [€3];file:../../DjVu/Augezdecki-01.djvu?djvuopts=&highlight=01994,00318,00010,00014&page=001;Augezdecki-01.djvu p 1 x 1994 y 318 h 10 w 14;※ 0_Augezdecki-01_PT08_402.djvu 00238 (238) add
Augezdecki-01 001:00237  [€3];file:../../DjVu/Augezdecki-01.djvu?djvuopts=&highlight=02041,00281,00047,00036&page=001;Augezdecki-01.djvu p 1 x 2041 y 281 h 47 w 36;※ 0_Augezdecki-01_PT08_402.djvu 00239 (239) add
Augezdecki-01 001:00238  [€3];file:../../DjVu/Augezdecki-01.djvu?djvuopts=&highlight=02061,00323,00014,00014&page=001;Augezdecki-01.djvu p 1 x 2061 y 323 h 14 w 14;※ 0_Augezdecki-01_PT08_402.djvu 00240 (240) add
Augezdecki-01 001:00239  [tA];file:../../DjVu/Augezdecki-01.djvu?djvuopts=&highlight=02096,00273,00035,00034&page=001;Augezdecki-01.djvu p 1 x 2096 y 273 h 35 w 34;※ 0_Augezdecki-01_PT08_402.djvu 00241 (241) new
Augezdecki-01 001:00240  [tA];file:../../DjVu/Augezdecki-01.djvu?djvuopts=&highlight=02098,00322,00011,00013&page=001;Augezdecki-01.djvu p 1 x 2098 y 322 h 11 w 13;※ 0_Augezdecki-01_PT08_402.djvu 00242 (242) add
Augezdecki-01 001:00241  [^^];file:../../DjVu/Augezdecki-01.djvu?djvuopts=&highlight=02106,00303,00022,00014&page=001;Augezdecki-01.djvu p 1 x 2106 y 303 h 22 w 14;※ 0_Augezdecki-01_PT08_402.djvu 00243 (243) new
Augezdecki-01 001:00242  [^^];file:../../DjVu/Augezdecki-01.djvu?djvuopts=&highlight=02153,00277,00046,00038&page=001;Augezdecki-01.djvu p 1 x 2153 y 277 h 46 w 38;※ 0_Augezdecki-01_PT08_402.djvu 00244 (244) add
Augezdecki-01 001:00243  [^^];file:../../DjVu/Augezdecki-01.djvu?djvuopts=&highlight=02164,00309,00015,00026&page=001;Augezdecki-01.djvu p 1 x 2164 y 309 h 15 w 26;※ 0_Augezdecki-01_PT08_402.djvu 00245 (245) add
Augezdecki-01 001:00244  [t.];file:../../DjVu/Augezdecki-01.djvu?djvuopts=&highlight=02213,00271,00038,00064&page=001;Augezdecki-01.djvu p 1 x 2213 y 271 h 38 w 64;※ 0_Augezdecki-01_PT08_402.djvu 00246 (246) new
Augezdecki-01 001:00245  [t.];file:../../DjVu/Augezdecki-01.djvu?djvuopts=&highlight=02271,00274,00043,00036&page=001;Augezdecki-01.djvu p 1 x 2271 y 274 h 43 w 36;※ 0_Augezdecki-01_PT08_402.djvu 00247 (247) add
Augezdecki-01 001:00247  [8];file:../../DjVu/Augezdecki-01.djvu?djvuopts=&highlight=02333,00267,00036,00045&page=001;Augezdecki-01.djvu p 1 x 2333 y 267 h 36 w 45;※ 0_Augezdecki-01_PT08_402.djvu 00249 (249) new
Augezdecki-01 001:00248  [8];file:../../DjVu/Augezdecki-01.djvu?djvuopts=&highlight=02341,00315,00013,00013&page=001;Augezdecki-01.djvu p 1 x 2341 y 315 h 13 w 13;※ 0_Augezdecki-01_PT08_402.djvu 00250 (250) add
Augezdecki-01 001:00249  [8];file:../../DjVu/Augezdecki-01.djvu?djvuopts=&highlight=02387,00276,00044,00038&page=001;Augezdecki-01.djvu p 1 x 2387 y 276 h 44 w 38;※ 0_Augezdecki-01_PT08_402.djvu 00251 (251) add
Augezdecki-01 001:00250  [8];file:../../DjVu/Augezdecki-01.djvu?djvuopts=&highlight=02391,00313,00011,00018&page=001;Augezdecki-01.djvu p 1 x 2391 y 313 h 11 w 18;※ 0_Augezdecki-01_PT08_402.djvu 00252 (252) add
Augezdecki-01 001:00251  [8];file:../../DjVu/Augezdecki-01.djvu?djvuopts=&highlight=02445,00274,00044,00038&page=001;Augezdecki-01.djvu p 1 x 2445 y 274 h 44 w 38;※ 0_Augezdecki-01_PT08_402.djvu 00253 (253) add
Augezdecki-01 001:00252  [8];file:../../DjVu/Augezdecki-01.djvu?djvuopts=&highlight=02460,00304,00017,00027&page=001;Augezdecki-01.djvu p 1 x 2460 y 304 h 17 w 27;※ 0_Augezdecki-01_PT08_402.djvu 00254 (254) add
Augezdecki-01 001:00253 [n];file:../../DjVu/Augezdecki-01.djvu?djvuopts=&highlight=02503,00257,00044,00062&page=001;+ Augezdecki-01.djvu p 1 x 2503 y 257 h 44 w 62;※ 0_Augezdecki-01_PT08_402.djvu 00255 (255) new
Augezdecki-01 001:00254  [lj];file:../../DjVu/Augezdecki-01.djvu?djvuopts=&highlight=00929,00127,00041,00050&page=001;Augezdecki-01.djvu p 1 x 929 y 127 h 41 w 50;※ 0_Augezdecki-01_PT08_402.djvu 00256 (256) new
Augezdecki-01 001:00255  [lj];file:../../DjVu/Augezdecki-01.djvu?djvuopts=&highlight=00955,00184,00013,00016&page=001;Augezdecki-01.djvu p 1 x 955 y 184 h 13 w 16;※ 0_Augezdecki-01_PT08_402.djvu 00257 (257) add
Augezdecki-01 001:00256  [lj];file:../../DjVu/Augezdecki-01.djvu?djvuopts=&highlight=00997,00157,00043,00018&page=001;Augezdecki-01.djvu p 1 x 997 y 157 h 43 w 18;※ 0_Augezdecki-01_PT08_402.djvu 00258 (258) add
Augezdecki-01 001:00257  [lj];file:../../DjVu/Augezdecki-01.djvu?djvuopts=&highlight=01003,00184,00013,00013&page=001;Augezdecki-01.djvu p 1 x 1003 y 184 h 13 w 13;※ 0_Augezdecki-01_PT08_402.djvu 00259 (259) add
Augezdecki-01 001:00258  [lj];file:../../DjVu/Augezdecki-01.djvu?djvuopts=&highlight=01014,00156,00044,00019&page=001;Augezdecki-01.djvu p 1 x 1014 y 156 h 44 w 19;※ 0_Augezdecki-01_PT08_402.djvu 00260 (260) add
Augezdecki-01 001:00259  [lj];file:../../DjVu/Augezdecki-01.djvu?djvuopts=&highlight=01024,00186,00011,00009&page=001;Augezdecki-01.djvu p 1 x 1024 y 186 h 11 w 9;※ 0_Augezdecki-01_PT08_402.djvu 00261 (261) add
Augezdecki-01 001:00260  [i];file:../../DjVu/Augezdecki-01.djvu?djvuopts=&highlight=01065,00131,00057,00043&page=001;Augezdecki-01.djvu p 1 x 1065 y 131 h 57 w 43;※ 0_Augezdecki-01_PT08_402.djvu 00262 (262) new
Augezdecki-01 001:00261  [i];file:../../DjVu/Augezdecki-01.djvu?djvuopts=&highlight=01101,00177,00011,00011&page=001;Augezdecki-01.djvu p 1 x 1101 y 177 h 11 w 11;※ 0_Augezdecki-01_PT08_402.djvu 00263 (263) add
Augezdecki-01 001:00262  [it];file:../../DjVu/Augezdecki-01.djvu?djvuopts=&highlight=01146,00132,00056,00044&page=001;Augezdecki-01.djvu p 1 x 1146 y 132 h 56 w 44;※ 0_Augezdecki-01_PT08_402.djvu 00264 (264) new
Augezdecki-01 001:00263  [it];file:../../DjVu/Augezdecki-01.djvu?djvuopts=&highlight=01182,00169,00008,00014&page=001;Augezdecki-01.djvu p 1 x 1182 y 169 h 8 w 14;※ 0_Augezdecki-01_PT08_402.djvu 00265 (265) add
Augezdecki-01 001:00264  [y];file:../../DjVu/Augezdecki-01.djvu?djvuopts=&highlight=01237,00111,00039,00062&page=001;Augezdecki-01.djvu p 1 x 1237 y 111 h 39 w 62;※ 0_Augezdecki-01_PT08_402.djvu 00266 (266) new
Augezdecki-01 001:00265  [y];file:../../DjVu/Augezdecki-01.djvu?djvuopts=&highlight=01266,00179,00013,00012&page=001;Augezdecki-01.djvu p 1 x 1266 y 179 h 13 w 12;※ 0_Augezdecki-01_PT08_402.djvu 00267 (267) add
Augezdecki-01 001:00266  [d];file:../../DjVu/Augezdecki-01.djvu?djvuopts=&highlight=01309,00112,00033,00062&page=001;Augezdecki-01.djvu p 1 x 1309 y 112 h 33 w 62;※ 0_Augezdecki-01_PT08_402.djvu 00268 (268) new
Augezdecki-01 001:00267  [4];file:../../DjVu/Augezdecki-01.djvu?djvuopts=&highlight=01365,00106,00032,00070&page=001;Augezdecki-01.djvu p 1 x 1365 y 106 h 32 w 70;※ 0_Augezdecki-01_PT08_402.djvu 00269 (269) new
Augezdecki-01 001:00268  [E.];file:../../DjVu/Augezdecki-01.djvu?djvuopts=&highlight=01421,00114,00027,00057&page=001;Augezdecki-01.djvu p 1 x 1421 y 114 h 27 w 57;※ 0_Augezdecki-01_PT08_402.djvu 00270 (270) new
Augezdecki-01 001:00269  [E.];file:../../DjVu/Augezdecki-01.djvu?djvuopts=&highlight=01428,00174,00010,00015&page=001;Augezdecki-01.djvu p 1 x 1428 y 174 h 10 w 15;※ 0_Augezdecki-01_PT08_402.djvu 00271 (271) add
Augezdecki-01 001:00270  [P];file:../../DjVu/Augezdecki-01.djvu?djvuopts=&highlight=01478,00179,00008,00008&page=001;Augezdecki-01.djvu p 1 x 1478 y 179 h 8 w 8;※ 0_Augezdecki-01_PT08_402.djvu 00272 (272) new
"Augezdecki-01 001:00271  [;]";file:../../DjVu/Augezdecki-01.djvu?djvuopts=&highlight=01479,00110,00023,00061&page=001;Augezdecki-01.djvu p 1 x 1479 y 110 h 23 w 61;※ 0_Augezdecki-01_PT08_402.djvu 00273 (273) new
"Augezdecki-01 001:00272  [;]";file:../../DjVu/Augezdecki-01.djvu?djvuopts=&highlight=01492,00178,00009,00009&page=001;Augezdecki-01.djvu p 1 x 1492 y 178 h 9 w 9;※ 0_Augezdecki-01_PT08_402.djvu 00274 (274) add
Augezdecki-01 001:00273  [ep];file:../../DjVu/Augezdecki-01.djvu?djvuopts=&highlight=01540,00121,00061,00056&page=001;Augezdecki-01.djvu p 1 x 1540 y 121 h 61 w 56;※ 0_Augezdecki-01_PT08_402.djvu 00275 (275) new
Augezdecki-01 001:00274  [JJ];file:../../DjVu/Augezdecki-01.djvu?djvuopts=&highlight=01544,00112,00021,00026&page=001;Augezdecki-01.djvu p 1 x 1544 y 112 h 21 w 26;※ 0_Augezdecki-01_PT08_402.djvu 00276 (276) new
Augezdecki-01 001:00275  [m];file:../../DjVu/Augezdecki-01.djvu?djvuopts=&highlight=00969,00296,00001,00001&page=001;Augezdecki-01.djvu p 1 x 969 y 296 h 1 w 1;※ 0_Augezdecki-01_PT08_402.djvu 00277 (277) new
Augezdecki-01 001:00276  [m];file:../../DjVu/Augezdecki-01.djvu?djvuopts=&highlight=01434,00126,00001,00001&page=001;Augezdecki-01.djvu p 1 x 1434 y 126 h 1 w 1;※ 0_Augezdecki-01_PT08_402.djvu 00278 (278) new
Augezdecki-01 001:00277  [H];file:../../DjVu/Augezdecki-01.djvu?djvuopts=&highlight=01563,00140,00001,00002&page=001;Augezdecki-01.djvu p 1 x 1563 y 140 h 1 w 2;※ 0_Augezdecki-01_PT08_402.djvu 00279 (279) new
Augezdecki-01 001:00278  [m];file:../../DjVu/Augezdecki-01.djvu?djvuopts=&highlight=02158,00283,00001,00001&page=001;Augezdecki-01.djvu p 1 x 2158 y 283 h 1 w 1;※ 0_Augezdecki-01_PT08_402.djvu 00280 (280) new
Augezdecki-01 001:00279  [t];file:../../DjVu/Augezdecki-01.djvu?djvuopts=&highlight=00967,00560,00005,00006&page=001;Augezdecki-01.djvu p 1 x 967 y 560 h 5 w 6;※ 0_Augezdecki-01_PT08_402.djvu 00281 (281) new
Augezdecki-01 001:00280  [EM];file:../../DjVu/Augezdecki-01.djvu?djvuopts=&highlight=00942,00769,00002,00001&page=001;Augezdecki-01.djvu p 1 x 942 y 769 h 2 w 1;※ 0_Augezdecki-01_PT08_402.djvu 00282 (282) new
Augezdecki-01 001:00281  [m];file:../../DjVu/Augezdecki-01.djvu?djvuopts=&highlight=02374,00623,00001,00001&page=001;Augezdecki-01.djvu p 1 x 2374 y 623 h 1 w 1;※ 0_Augezdecki-01_PT08_402.djvu 00283 (283) new
Augezdecki-01 001:00281  [m];file:../../DjVu/Augezdecki-01.djvu?djvuopts=&highlight=02374,00623,00001,00001&page=001;Augezdecki-01.djvu p 1 x 2374 y 623 h 1 w 1;※ 0_Augezdecki-01_PT08_402.djvu 00284 (284) new
