Ungler1-04 001:00000  [y-];file:../../DjVu/Ungler1-04.djvu?djvuopts=&highlight=00054,00254,00049,00051&page=001;Ungler1-04.djvu p 1 x 54 y 254 h 49 w 51;※ 0_Ungler1-04_PT03_115.djvu 00002 (2) new
Ungler1-04 001:00001  [15];file:../../DjVu/Ungler1-04.djvu?djvuopts=&highlight=00133,00255,00066,00051&page=001;Ungler1-04.djvu p 1 x 133 y 255 h 66 w 51;※ 0_Ungler1-04_PT03_115.djvu 00003 (3) new
Ungler1-04 001:00002  [i.];file:../../DjVu/Ungler1-04.djvu?djvuopts=&highlight=00230,00259,00046,00049&page=001;Ungler1-04.djvu p 1 x 230 y 259 h 46 w 49;※ 0_Ungler1-04_PT03_115.djvu 00004 (4) new
Ungler1-04 001:00003  [£2];file:../../DjVu/Ungler1-04.djvu?djvuopts=&highlight=00306,00260,00059,00048&page=001;Ungler1-04.djvu p 1 x 306 y 260 h 59 w 48;※ 0_Ungler1-04_PT03_115.djvu 00005 (5) new
Ungler1-04 001:00004  [£2];file:../../DjVu/Ungler1-04.djvu?djvuopts=&highlight=00396,00265,00051,00048&page=001;Ungler1-04.djvu p 1 x 396 y 265 h 51 w 48;※ 0_Ungler1-04_PT03_115.djvu 00006 (6) add
Ungler1-04 001:00005  [$];file:../../DjVu/Ungler1-04.djvu?djvuopts=&highlight=00476,00249,00035,00065&page=001;Ungler1-04.djvu p 1 x 476 y 249 h 35 w 65;※ 0_Ungler1-04_PT03_115.djvu 00007 (7) new
Ungler1-04 001:00006  [£5];file:../../DjVu/Ungler1-04.djvu?djvuopts=&highlight=00543,00262,00060,00052&page=001;Ungler1-04.djvu p 1 x 543 y 262 h 60 w 52;※ 0_Ungler1-04_PT03_115.djvu 00008 (8) new
Ungler1-04 001:00007  [TI];file:../../DjVu/Ungler1-04.djvu?djvuopts=&highlight=00633,00264,00076,00054&page=001;Ungler1-04.djvu p 1 x 633 y 264 h 76 w 54;※ 0_Ungler1-04_PT03_115.djvu 00009 (9) new
Ungler1-04 001:00008  [J];file:../../DjVu/Ungler1-04.djvu?djvuopts=&highlight=00742,00255,00041,00062&page=001;Ungler1-04.djvu p 1 x 742 y 255 h 41 w 62;※ 0_Ungler1-04_PT03_115.djvu 00010 (10) new
Ungler1-04 001:00009  [TA];file:../../DjVu/Ungler1-04.djvu?djvuopts=&highlight=00812,00267,00055,00051&page=001;Ungler1-04.djvu p 1 x 812 y 267 h 55 w 51;※ 0_Ungler1-04_PT03_115.djvu 00011 (11) new
Ungler1-04 001:00010  [m];file:../../DjVu/Ungler1-04.djvu?djvuopts=&highlight=00899,00267,00043,00052&page=001;Ungler1-04.djvu p 1 x 899 y 267 h 43 w 52;※ 0_Ungler1-04_PT03_115.djvu 00012 (12) new
Ungler1-04 001:00011  [JJ];file:../../DjVu/Ungler1-04.djvu?djvuopts=&highlight=00970,00269,00076,00049&page=001;Ungler1-04.djvu p 1 x 970 y 269 h 76 w 49;※ 0_Ungler1-04_PT03_115.djvu 00013 (13) new
Ungler1-04 001:00012  [pit];file:../../DjVu/Ungler1-04.djvu?djvuopts=&highlight=01077,00269,00069,00054&page=001;Ungler1-04.djvu p 1 x 1077 y 269 h 69 w 54;※ 0_Ungler1-04_PT03_115.djvu 00014 (14) new
Ungler1-04 001:00013  [€)];file:../../DjVu/Ungler1-04.djvu?djvuopts=&highlight=01176,00271,00050,00053&page=001;Ungler1-04.djvu p 1 x 1176 y 271 h 50 w 53;※ 0_Ungler1-04_PT03_115.djvu 00015 (15) new
Ungler1-04 001:00014  [r];file:../../DjVu/Ungler1-04.djvu?djvuopts=&highlight=01259,00275,00020,00043&page=001;Ungler1-04.djvu p 1 x 1259 y 275 h 20 w 43;※ 0_Ungler1-04_PT03_115.djvu 00016 (16) new
Ungler1-04 001:00015  [Lo];file:../../DjVu/Ungler1-04.djvu?djvuopts=&highlight=01280,00274,00043,00047&page=001;Ungler1-04.djvu p 1 x 1280 y 274 h 43 w 47;※ 0_Ungler1-04_PT03_115.djvu 00017 (17) new
Ungler1-04 001:00016  [MEM];file:../../DjVu/Ungler1-04.djvu?djvuopts=&highlight=01292,00322,00005,00001&page=001;Ungler1-04.djvu p 1 x 1292 y 322 h 5 w 1;※ 0_Ungler1-04_PT03_115.djvu 00018 (18) new
Ungler1-04 001:00017  [e];file:../../DjVu/Ungler1-04.djvu?djvuopts=&highlight=01357,00274,00057,00052&page=001;Ungler1-04.djvu p 1 x 1357 y 274 h 57 w 52;※ 0_Ungler1-04_PT03_115.djvu 00019 (19) new
Ungler1-04 001:00018  ['IR];file:../../DjVu/Ungler1-04.djvu?djvuopts=&highlight=01449,00277,00063,00051&page=001;Ungler1-04.djvu p 1 x 1449 y 277 h 63 w 51;※ 0_Ungler1-04_PT03_115.djvu 00020 (20) new
Ungler1-04 001:00019  [€];file:../../DjVu/Ungler1-04.djvu?djvuopts=&highlight=01542,00276,00053,00051&page=001;Ungler1-04.djvu p 1 x 1542 y 276 h 53 w 51;※ 0_Ungler1-04_PT03_115.djvu 00021 (21) new
Ungler1-04 001:00020  [4.];file:../../DjVu/Ungler1-04.djvu?djvuopts=&highlight=01625,00276,00053,00051&page=001;Ungler1-04.djvu p 1 x 1625 y 276 h 53 w 51;※ 0_Ungler1-04_PT03_115.djvu 00022 (22) new
Ungler1-04 001:00021  [0,];file:../../DjVu/Ungler1-04.djvu?djvuopts=&highlight=01708,00276,00065,00052&page=001;Ungler1-04.djvu p 1 x 1708 y 276 h 65 w 52;※ 0_Ungler1-04_PT03_115.djvu 00023 (23) new
Ungler1-04 001:00022  [E];file:../../DjVu/Ungler1-04.djvu?djvuopts=&highlight=01802,00276,00049,00052&page=001;Ungler1-04.djvu p 1 x 1802 y 276 h 49 w 52;※ 0_Ungler1-04_PT03_115.djvu 00024 (24) new
Ungler1-04 001:00023  [p];file:../../DjVu/Ungler1-04.djvu?djvuopts=&highlight=01881,00276,00049,00054&page=001;Ungler1-04.djvu p 1 x 1881 y 276 h 49 w 54;※ 0_Ungler1-04_PT03_115.djvu 00025 (25) new
Ungler1-04 001:00024  [z];file:../../DjVu/Ungler1-04.djvu?djvuopts=&highlight=01959,00279,00043,00049&page=001;Ungler1-04.djvu p 1 x 1959 y 279 h 43 w 49;※ 0_Ungler1-04_PT03_115.djvu 00026 (26) new
Ungler1-04 001:00025  [a];file:../../DjVu/Ungler1-04.djvu?djvuopts=&highlight=00069,00158,00027,00037&page=001;Ungler1-04.djvu p 1 x 69 y 158 h 27 w 37;※ 0_Ungler1-04_PT03_115.djvu 00027 (27) new
Ungler1-04 001:00026  [à];file:../../DjVu/Ungler1-04.djvu?djvuopts=&highlight=00123,00158,00030,00050&page=001;Ungler1-04.djvu p 1 x 123 y 158 h 30 w 50;※ 0_Ungler1-04_PT03_115.djvu 00028 (28) new
Ungler1-04 001:00027  [b];file:../../DjVu/Ungler1-04.djvu?djvuopts=&highlight=00180,00159,00032,00049&page=001;Ungler1-04.djvu p 1 x 180 y 159 h 32 w 49;※ 0_Ungler1-04_PT03_115.djvu 00029 (29) new
Ungler1-04 001:00028  [C];file:../../DjVu/Ungler1-04.djvu?djvuopts=&highlight=00240,00163,00025,00037&page=001;Ungler1-04.djvu p 1 x 240 y 163 h 25 w 37;※ 0_Ungler1-04_PT03_115.djvu 00030 (30) new
Ungler1-04 001:00029  [d];file:../../DjVu/Ungler1-04.djvu?djvuopts=&highlight=00294,00164,00035,00050&page=001;Ungler1-04.djvu p 1 x 294 y 164 h 35 w 50;※ 0_Ungler1-04_PT03_115.djvu 00031 (31) new
Ungler1-04 001:00030  [»];file:../../DjVu/Ungler1-04.djvu?djvuopts=&highlight=00359,00165,00030,00041&page=001;Ungler1-04.djvu p 1 x 359 y 165 h 30 w 41;※ 0_Ungler1-04_PT03_115.djvu 00032 (32) new
Ungler1-04 001:00031 [Ó];file:../../DjVu/Ungler1-04.djvu?djvuopts=&highlight=00419,00166,00031,00050&page=001;+Ungler1-04.djvu p 1 x 419 y 166 h 31 w 50;※ 0_Ungler1-04_PT03_115.djvu 00033 (33) new
Ungler1-04 001:00032  [€];file:../../DjVu/Ungler1-04.djvu?djvuopts=&highlight=00478,00165,00022,00037&page=001;Ungler1-04.djvu p 1 x 478 y 165 h 22 w 37;※ 0_Ungler1-04_PT03_115.djvu 00034 (34) new
Ungler1-04 001:00033  [€];file:../../DjVu/Ungler1-04.djvu?djvuopts=&highlight=00529,00169,00023,00031&page=001;Ungler1-04.djvu p 1 x 529 y 169 h 23 w 31;※ 0_Ungler1-04_PT03_115.djvu 00035 (35) new
Ungler1-04 001:00034  [];file:../../DjVu/Ungler1-04.djvu?djvuopts=&highlight=00532,00202,00017,00010&page=001;Ungler1-04.djvu p 1 x 532 y 202 h 17 w 10;※ 0_Ungler1-04_PT03_115.djvu 00036 (36) new
Ungler1-04 001:00035  [f];file:../../DjVu/Ungler1-04.djvu?djvuopts=&highlight=00582,00168,00022,00049&page=001;Ungler1-04.djvu p 1 x 582 y 168 h 22 w 49;※ 0_Ungler1-04_PT03_115.djvu 00037 (37) new
Ungler1-04 001:00036  [fl];file:../../DjVu/Ungler1-04.djvu?djvuopts=&highlight=00634,00168,00035,00048&page=001;Ungler1-04.djvu p 1 x 634 y 168 h 35 w 48;※ 0_Ungler1-04_PT03_115.djvu 00038 (38) new
Ungler1-04 001:00037  [tt];file:../../DjVu/Ungler1-04.djvu?djvuopts=&highlight=00698,00154,00032,00049&page=001;Ungler1-04.djvu p 1 x 698 y 154 h 32 w 49;※ 0_Ungler1-04_PT03_115.djvu 00039 (39) new
Ungler1-04 001:00038  [tt];file:../../DjVu/Ungler1-04.djvu?djvuopts=&highlight=00763,00184,00047,00034&page=001;Ungler1-04.djvu p 1 x 763 y 184 h 47 w 34;※ 0_Ungler1-04_PT03_115.djvu 00040 (40) add
Ungler1-04 001:00039  [l];file:../../DjVu/Ungler1-04.djvu?djvuopts=&highlight=00827,00172,00019,00037&page=001;Ungler1-04.djvu p 1 x 827 y 172 h 19 w 37;※ 0_Ungler1-04_PT03_115.djvu 00041 (41) new
Ungler1-04 001:00040  [e];file:../../DjVu/Ungler1-04.djvu?djvuopts=&highlight=00836,00214,00008,00008&page=001;Ungler1-04.djvu p 1 x 836 y 214 h 8 w 8;※ 0_Ungler1-04_PT03_115.djvu 00042 (42) new
Ungler1-04 001:00041  [u];file:../../DjVu/Ungler1-04.djvu?djvuopts=&highlight=00871,00163,00029,00043&page=001;Ungler1-04.djvu p 1 x 871 y 163 h 29 w 43;※ 0_Ungler1-04_PT03_115.djvu 00043 (43) new
Ungler1-04 001:00042  [p];file:../../DjVu/Ungler1-04.djvu?djvuopts=&highlight=00878,00214,00007,00008&page=001;Ungler1-04.djvu p 1 x 878 y 214 h 7 w 8;※ 0_Ungler1-04_PT03_115.djvu 00044 (44) new
Ungler1-04 001:00043  [v];file:../../DjVu/Ungler1-04.djvu?djvuopts=&highlight=00892,00214,00007,00008&page=001;Ungler1-04.djvu p 1 x 892 y 214 h 7 w 8;※ 0_Ungler1-04_PT03_115.djvu 00045 (45) new
Ungler1-04 001:00044  [|];file:../../DjVu/Ungler1-04.djvu?djvuopts=&highlight=00930,00173,00013,00048&page=001;Ungler1-04.djvu p 1 x 930 y 173 h 13 w 48;※ 0_Ungler1-04_PT03_115.djvu 00046 (46) new
Ungler1-04 001:00045  ["n"];file:../../DjVu/Ungler1-04.djvu?djvuopts=&highlight=00974,00168,00045,00039&page=001;Ungler1-04.djvu p 1 x 974 y 168 h 45 w 39;※ 0_Ungler1-04_PT03_115.djvu 00047 (47) new
Ungler1-04 001:00046  [t1];file:../../DjVu/Ungler1-04.djvu?djvuopts=&highlight=01054,00174,00048,00036&page=001;Ungler1-04.djvu p 1 x 1054 y 174 h 48 w 36;※ 0_Ungler1-04_PT03_115.djvu 00048 (48) new
Ungler1-04 001:00047  [JAM];file:../../DjVu/Ungler1-04.djvu?djvuopts=&highlight=01068,00212,00031,00012&page=001;Ungler1-04.djvu p 1 x 1068 y 212 h 31 w 12;※ 0_Ungler1-04_PT03_115.djvu 00049 (49) new
Ungler1-04 001:00048  [t];file:../../DjVu/Ungler1-04.djvu?djvuopts=&highlight=01130,00174,00031,00038&page=001;Ungler1-04.djvu p 1 x 1130 y 174 h 31 w 38;※ 0_Ungler1-04_PT03_115.djvu 00050 (50) new
Ungler1-04 001:00049  [jg!];file:../../DjVu/Ungler1-04.djvu?djvuopts=&highlight=01186,00176,00033,00034&page=001;Ungler1-04.djvu p 1 x 1186 y 176 h 33 w 34;※ 0_Ungler1-04_PT03_115.djvu 00051 (51) new
Ungler1-04 001:00050  [];file:../../DjVu/Ungler1-04.djvu?djvuopts=&highlight=01192,00215,00023,00009&page=001;Ungler1-04.djvu p 1 x 1192 y 215 h 23 w 9;※ 0_Ungler1-04_PT03_115.djvu 00052 (52) new
Ungler1-04 001:00051  [O];file:../../DjVu/Ungler1-04.djvu?djvuopts=&highlight=01250,00176,00030,00037&page=001;Ungler1-04.djvu p 1 x 1250 y 176 h 30 w 37;※ 0_Ungler1-04_PT03_115.djvu 00053 (53) new
Ungler1-04 001:00052  [O];file:../../DjVu/Ungler1-04.djvu?djvuopts=&highlight=01309,00185,00036,00029&page=001;Ungler1-04.djvu p 1 x 1309 y 185 h 36 w 29;※ 0_Ungler1-04_PT03_115.djvu 00054 (54) add
Ungler1-04 001:00053  [O];file:../../DjVu/Ungler1-04.djvu?djvuopts=&highlight=01314,00206,00010,00023&page=001;Ungler1-04.djvu p 1 x 1314 y 206 h 10 w 23;※ 0_Ungler1-04_PT03_115.djvu 00055 (55) add
Ungler1-04 001:00054  [p];file:../../DjVu/Ungler1-04.djvu?djvuopts=&highlight=01369,00164,00034,00053&page=001;Ungler1-04.djvu p 1 x 1369 y 164 h 34 w 53;※ 0_Ungler1-04_PT03_115.djvu 00056 (56) new
Ungler1-04 001:00055  [p];file:../../DjVu/Ungler1-04.djvu?djvuopts=&highlight=01434,00169,00032,00046&page=001;Ungler1-04.djvu p 1 x 1434 y 169 h 32 w 46;※ 0_Ungler1-04_PT03_115.djvu 00057 (57) new
Ungler1-04 001:00056  [p];file:../../DjVu/Ungler1-04.djvu?djvuopts=&highlight=01438,00205,00011,00023&page=001;Ungler1-04.djvu p 1 x 1438 y 205 h 11 w 23;※ 0_Ungler1-04_PT03_115.djvu 00058 (58) add
Ungler1-04 001:00057 [p];file:../../DjVu/Ungler1-04.djvu?djvuopts=&highlight=01496,00167,00034,00050&page=001;+ Ungler1-04.djvu p 1 x 1496 y 167 h 34 w 50;※ 0_Ungler1-04_PT03_115.djvu 00059 (59) new
Ungler1-04 001:00058 [P];file:../../DjVu/Ungler1-04.djvu?djvuopts=&highlight=01560,00168,00043,00048&page=001;+ Ungler1-04.djvu p 1 x 1560 y 168 h 43 w 48;※ 0_Ungler1-04_PT03_115.djvu 00060 (60) new
Ungler1-04 001:00059  [q];file:../../DjVu/Ungler1-04.djvu?djvuopts=&highlight=01633,00168,00033,00051&page=001;Ungler1-04.djvu p 1 x 1633 y 168 h 33 w 51;※ 0_Ungler1-04_PT03_115.djvu 00061 (61) new
Ungler1-04 001:00060 [q];file:../../DjVu/Ungler1-04.djvu?djvuopts=&highlight=01702,00166,00041,00066&page=001;+ Ungler1-04.djvu p 1 x 1702 y 166 h 41 w 66;※ 0_Ungler1-04_PT03_115.djvu 00062 (62) new
Ungler1-04 001:00061 [C5];file:../../DjVu/Ungler1-04.djvu?djvuopts=&highlight=01774,00171,00053,00049&page=001;+ Ungler1-04.djvu p 1 x 1774 y 171 h 53 w 49;※ 0_Ungler1-04_PT03_115.djvu 00063 (63) new
Ungler1-04 001:00062 [(q5];file:../../DjVu/Ungler1-04.djvu?djvuopts=&highlight=01857,00168,00052,00051&page=001;+# Ungler1-04.djvu p 1 x 1857 y 168 h 52 w 51;※ 0_Ungler1-04_PT03_115.djvu 00064 (64) new
Ungler1-04 001:00063  [];file:../../DjVu/Ungler1-04.djvu?djvuopts=&highlight=01874,00223,00029,00014&page=001;Ungler1-04.djvu p 1 x 1874 y 223 h 29 w 14;※ 0_Ungler1-04_PT03_115.djvu 00065 (65) new
Ungler1-04 001:00064 [C];file:../../DjVu/Ungler1-04.djvu?djvuopts=&highlight=01939,00172,00048,00048&page=001;+# Ungler1-04.djvu p 1 x 1939 y 172 h 48 w 48;※ 0_Ungler1-04_PT03_115.djvu 00066 (66) new
Ungler1-04 001:00065  [a];file:../../DjVu/Ungler1-04.djvu?djvuopts=&highlight=01953,00222,00015,00011&page=001;Ungler1-04.djvu p 1 x 1953 y 222 h 15 w 11;※ 0_Ungler1-04_PT03_115.djvu 00067 (67) new
Ungler1-04 001:00066  [a];file:../../DjVu/Ungler1-04.djvu?djvuopts=&highlight=01970,00217,00012,00017&page=001;Ungler1-04.djvu p 1 x 1970 y 217 h 12 w 17;※ 0_Ungler1-04_PT03_115.djvu 00068 (68) add
Ungler1-04 001:00067  [r];file:../../DjVu/Ungler1-04.djvu?djvuopts=&highlight=00399,00064,00022,00034&page=001;Ungler1-04.djvu p 1 x 399 y 64 h 22 w 34;※ 0_Ungler1-04_PT03_115.djvu 00069 (69) new
Ungler1-04 001:00068  [H];file:../../DjVu/Ungler1-04.djvu?djvuopts=&highlight=00451,00063,00017,00037&page=001;Ungler1-04.djvu p 1 x 451 y 63 h 17 w 37;※ 0_Ungler1-04_PT03_115.djvu 00070 (70) new
Ungler1-04 001:00069  [6];file:../../DjVu/Ungler1-04.djvu?djvuopts=&highlight=00500,00062,00031,00039&page=001;Ungler1-04.djvu p 1 x 500 y 62 h 31 w 39;※ 0_Ungler1-04_PT03_115.djvu 00071 (71) new
Ungler1-04 001:00070  [6];file:../../DjVu/Ungler1-04.djvu?djvuopts=&highlight=00562,00095,00050,00022&page=001;Ungler1-04.djvu p 1 x 562 y 95 h 50 w 22;※ 0_Ungler1-04_PT03_115.djvu 00072 (72) add
Ungler1-04 001:00071  [(1];file:../../DjVu/Ungler1-04.djvu?djvuopts=&highlight=00612,00068,00038,00053&page=001;Ungler1-04.djvu p 1 x 612 y 68 h 38 w 53;※ 0_Ungler1-04_PT03_115.djvu 00073 (73) new
Ungler1-04 001:00072  [(1];file:../../DjVu/Ungler1-04.djvu?djvuopts=&highlight=00673,00084,00052,00038&page=001;Ungler1-04.djvu p 1 x 673 y 84 h 52 w 38;※ 0_Ungler1-04_PT03_115.djvu 00074 (74) add
Ungler1-04 001:00073  [(1];file:../../DjVu/Ungler1-04.djvu?djvuopts=&highlight=00740,00090,00038,00018&page=001;Ungler1-04.djvu p 1 x 740 y 90 h 38 w 18;※ 0_Ungler1-04_PT03_115.djvu 00075 (75) add
Ungler1-04 001:00074  [aub];file:../../DjVu/Ungler1-04.djvu?djvuopts=&highlight=00789,00111,00021,00011&page=001;Ungler1-04.djvu p 1 x 789 y 111 h 21 w 11;※ 0_Ungler1-04_PT03_115.djvu 00076 (76) new
Ungler1-04 001:00075  [aub];file:../../DjVu/Ungler1-04.djvu?djvuopts=&highlight=00791,00090,00036,00018&page=001;Ungler1-04.djvu p 1 x 791 y 90 h 36 w 18;※ 0_Ungler1-04_PT03_115.djvu 00077 (77) add
Ungler1-04 001:00076  [aub];file:../../DjVu/Ungler1-04.djvu?djvuopts=&highlight=00842,00079,00037,00031&page=001;Ungler1-04.djvu p 1 x 842 y 79 h 37 w 31;※ 0_Ungler1-04_PT03_115.djvu 00078 (78) add
Ungler1-04 001:00077  [D];file:../../DjVu/Ungler1-04.djvu?djvuopts=&highlight=00903,00073,00034,00041&page=001;Ungler1-04.djvu p 1 x 903 y 73 h 34 w 41;※ 0_Ungler1-04_PT03_115.djvu 00079 (79) new
Ungler1-04 001:00078  [D];file:../../DjVu/Ungler1-04.djvu?djvuopts=&highlight=00906,00099,00012,00029&page=001;Ungler1-04.djvu p 1 x 906 y 99 h 12 w 29;※ 0_Ungler1-04_PT03_115.djvu 00080 (80) add
Ungler1-04 001:00079  [Y)];file:../../DjVu/Ungler1-04.djvu?djvuopts=&highlight=00966,00077,00034,00039&page=001;Ungler1-04.djvu p 1 x 966 y 77 h 34 w 39;※ 0_Ungler1-04_PT03_115.djvu 00081 (81) new
Ungler1-04 001:00080  [Y];file:../../DjVu/Ungler1-04.djvu?djvuopts=&highlight=01028,00070,00025,00041&page=001;Ungler1-04.djvu p 1 x 1028 y 70 h 25 w 41;※ 0_Ungler1-04_PT03_115.djvu 00082 (82) new
Ungler1-04 001:00081  [V];file:../../DjVu/Ungler1-04.djvu?djvuopts=&highlight=01083,00065,00028,00050&page=001;Ungler1-04.djvu p 1 x 1083 y 65 h 28 w 50;※ 0_Ungler1-04_PT03_115.djvu 00083 (83) new
Ungler1-04 001:00082  [5];file:../../DjVu/Ungler1-04.djvu?djvuopts=&highlight=01143,00074,00018,00038&page=001;Ungler1-04.djvu p 1 x 1143 y 74 h 18 w 38;※ 0_Ungler1-04_PT03_115.djvu 00084 (84) new
Ungler1-04 001:00083 ["];file:../../DjVu/Ungler1-04.djvu?djvuopts=&highlight=01192,00069,00031,00047&page=001;+ Ungler1-04.djvu p 1 x 1192 y 69 h 31 w 47;※ 0_Ungler1-04_PT03_115.djvu 00085 (85) new
Ungler1-04 001:00084 [e];file:../../DjVu/Ungler1-04.djvu?djvuopts=&highlight=01254,00080,00029,00035&page=001;+ Ungler1-04.djvu p 1 x 1254 y 80 h 29 w 35;※ 0_Ungler1-04_PT03_115.djvu 00086 (86) new
Ungler1-04 001:00085 [E];file:../../DjVu/Ungler1-04.djvu?djvuopts=&highlight=01314,00059,00034,00055&page=001;+ Ungler1-04.djvu p 1 x 1314 y 59 h 34 w 55;※ 0_Ungler1-04_PT03_115.djvu 00087 (87) new
Ungler1-04 001:00086 [09];file:../../DjVu/Ungler1-04.djvu?djvuopts=&highlight=01381,00108,00025,00026&page=001;+# Ungler1-04.djvu p 1 x 1381 y 108 h 25 w 26;※ 0_Ungler1-04_PT03_115.djvu 00088 (88) new
Ungler1-04 001:00087  [d];file:../../DjVu/Ungler1-04.djvu?djvuopts=&highlight=01437,00086,00024,00027&page=001;Ungler1-04.djvu p 1 x 1437 y 86 h 24 w 27;※ 0_Ungler1-04_PT03_115.djvu 00089 (89) new
Ungler1-04 001:00088  [(];file:../../DjVu/Ungler1-04.djvu?djvuopts=&highlight=01494,00080,00027,00055&page=001;Ungler1-04.djvu p 1 x 1494 y 80 h 27 w 55;※ 0_Ungler1-04_PT03_115.djvu 00090 (90) new
Ungler1-04 001:00089  [];file:../../DjVu/Ungler1-04.djvu?djvuopts=&highlight=01551,00084,00012,00015&page=001;Ungler1-04.djvu p 1 x 1551 y 84 h 12 w 15;※ 0_Ungler1-04_PT03_115.djvu 00091 (91) new
Ungler1-04 001:00090  [];file:../../DjVu/Ungler1-04.djvu?djvuopts=&highlight=01552,00105,00010,00011&page=001;Ungler1-04.djvu p 1 x 1552 y 105 h 10 w 11;※ 0_Ungler1-04_PT03_115.djvu 00092 (92) new
Ungler1-04 001:00091  [Jj];file:../../DjVu/Ungler1-04.djvu?djvuopts=&highlight=01597,00103,00019,00026&page=001;Ungler1-04.djvu p 1 x 1597 y 103 h 19 w 26;※ 0_Ungler1-04_PT03_115.djvu 00093 (93) new
Ungler1-04 001:00092  [Jj];file:../../DjVu/Ungler1-04.djvu?djvuopts=&highlight=01601,00086,00011,00012&page=001;Ungler1-04.djvu p 1 x 1601 y 86 h 11 w 12;※ 0_Ungler1-04_PT03_115.djvu 00094 (94) add
Ungler1-04 001:00093  [Jj];file:../../DjVu/Ungler1-04.djvu?djvuopts=&highlight=01645,00083,00017,00014&page=001;Ungler1-04.djvu p 1 x 1645 y 83 h 17 w 14;※ 0_Ungler1-04_PT03_115.djvu 00095 (95) add
Ungler1-04 001:00094  [m];file:../../DjVu/Ungler1-04.djvu?djvuopts=&highlight=00194,00202,00001,00001&page=001;Ungler1-04.djvu p 1 x 194 y 202 h 1 w 1;※ 0_Ungler1-04_PT03_115.djvu 00096 (96) new
Ungler1-04 001:00095  [H];file:../../DjVu/Ungler1-04.djvu?djvuopts=&highlight=00863,00056,00001,00002&page=001;Ungler1-04.djvu p 1 x 863 y 56 h 1 w 2;※ 0_Ungler1-04_PT03_115.djvu 00097 (97) new
Ungler1-04 001:00096  [EE];file:../../DjVu/Ungler1-04.djvu?djvuopts=&highlight=00980,00072,00070,00016&page=001;Ungler1-04.djvu p 1 x 980 y 72 h 70 w 16;※ 0_Ungler1-04_PT03_115.djvu 00098 (98) new
Ungler1-04 001:00097  [m];file:../../DjVu/Ungler1-04.djvu?djvuopts=&highlight=01647,00071,00001,00001&page=001;Ungler1-04.djvu p 1 x 1647 y 71 h 1 w 1;※ 0_Ungler1-04_PT03_115.djvu 00099 (99) new
Ungler1-04 001:00098  [m];file:../../DjVu/Ungler1-04.djvu?djvuopts=&highlight=01350,00348,00001,00001&page=001;Ungler1-04.djvu p 1 x 1350 y 348 h 1 w 1;※ 0_Ungler1-04_PT03_115.djvu 00100 (100) new
Ungler1-04 001:00098  [m];file:../../DjVu/Ungler1-04.djvu?djvuopts=&highlight=01350,00348,00001,00001&page=001;Ungler1-04.djvu p 1 x 1350 y 348 h 1 w 1;※ 0_Ungler1-04_PT03_115.djvu 00101 (101) new
