bstrok Hochfeder-03 001:00034 [b];file:../../DjVu/Hochfeder-03.djvu?djvuopts=&highlight=00347,00378,00047,00077&page=001;bstrok+Hochfeder-03.djvu p 1 x 347 y 378 h 47 w 77;※ 0_Hochfeder-03_PT01_021.djvu 00036 (36) new
drotacute Hochfeder-03 001:00042 [Ó];file:../../DjVu/Hochfeder-03.djvu?djvuopts=&highlight=00722,00380,00047,00073&page=001;drotacute+Hochfeder-03.djvu p 1 x 722 y 380 h 47 w 73;※ 0_Hochfeder-03_PT01_021.djvu 00044 (44) new
hstrok Hochfeder-03 001:00055 [h];file:../../DjVu/Hochfeder-03.djvu?djvuopts=&highlight=01422,00379,00049,00080&page=001;hstrok+Hochfeder-03.djvu p 1 x 1422 y 379 h 49 w 80;※ 0_Hochfeder-03_PT01_021.djvu 00057 (57) new
lhighstrok Hochfeder-03 001:00070 [l];file:../../DjVu/Hochfeder-03.djvu?djvuopts=&highlight=01906,00381,00041,00076&page=001;lhighstrok+Hochfeder-03.djvu p 1 x 1906 y 381 h 41 w 76;※ 0_Hochfeder-03_PT01_021.djvu 00072 (72) new
pbardes Hochfeder-03 001:00091 [p];file:../../DjVu/Hochfeder-03.djvu?djvuopts=&highlight=00528,00241,00048,00075&page=001;pbardes+Hochfeder-03.djvu p 1 x 528 y 241 h 48 w 75;※ 0_Hochfeder-03_PT01_021.djvu 00093 (93) new
pflour Hochfeder-03 001:00092 [P];file:../../DjVu/Hochfeder-03.djvu?djvuopts=&highlight=00590,00236,00069,00080&page=001;pflour+Hochfeder-03.djvu p 1 x 590 y 236 h 69 w 80;※ 0_Hochfeder-03_PT01_021.djvu 00094 (94) new
ppflourlig Hochfeder-03 001:00093 [[D];file:../../DjVu/Hochfeder-03.djvu?djvuopts=&highlight=00673,00238,00073,00077&page=001;ppflourlig+Hochfeder-03.djvu p 1 x 673 y 238 h 73 w 77;※ 0_Hochfeder-03_PT01_021.djvu 00095 (95) new
qslstrok Hochfeder-03 001:00101 [Q];file:../../DjVu/Hochfeder-03.djvu?djvuopts=&highlight=01083,00238,00068,00077&page=001;qslstrok+Hochfeder-03.djvu p 1 x 1083 y 238 h 68 w 77;※ 0_Hochfeder-03_PT01_021.djvu 00103 (103) new
q3app Hochfeder-03 001:00102 [OQ];file:../../DjVu/Hochfeder-03.djvu?djvuopts=&highlight=01167,00243,00083,00079&page=001;q3app+Hochfeder-03.djvu p 1 x 1167 y 243 h 83 w 79;※ 0_Hochfeder-03_PT01_021.djvu 00104 (104) new
q3app&ra Hochfeder-03 001:00103 [(B];file:../../DjVu/Hochfeder-03.djvu?djvuopts=&highlight=1261,228,85,120&page=1;q3app&ra+#Hochfeder-03.djvu p 1 x 1263 y 242 h 74 w 72;※ 0_Hochfeder-03_PT01_021.djvu 00105 (105) new
q3app^ Hochfeder-03 001:00105 [(5];file:../../DjVu/Hochfeder-03.djvu?djvuopts=&highlight=1357,221,93,141&page=1;q3app^+#Hochfeder-03.djvu p 1 x 1359 y 244 h 82 w 76;※ 0_Hochfeder-03_PT01_021.djvu 00107 (107) new
slong&bstrok Hochfeder-03 001:00113 [(b];file:../../DjVu/Hochfeder-03.djvu?djvuopts=&highlight=01736,00258,00078,00080&page=001;slong&bstrok+Hochfeder-03.djvu p 1 x 1736 y 258 h 78 w 80;※ 0_Hochfeder-03_PT01_021.djvu 00115 (115) new
slongflour Hochfeder-03 001:00116 [b];file:../../DjVu/Hochfeder-03.djvu?djvuopts=&highlight=01982,00264,00043,00077&page=001;slongflour+Hochfeder-03.djvu p 1 x 1982 y 264 h 43 w 77;※ 0_Hochfeder-03_PT01_021.djvu 00118 (118) new
vdiagstrok Hochfeder-03 001:00125 [Y];file:../../DjVu/Hochfeder-03.djvu?djvuopts=&highlight=00143,00133,00053,00078&page=001;vdiagstrok+Hochfeder-03.djvu p 1 x 143 y 133 h 53 w 78;※ 0_Hochfeder-03_PT01_021.djvu 00127 (127) new
conbase Hochfeder-03 001:00129 [M,];file:../../DjVu/Hochfeder-03.djvu?djvuopts=&highlight=00437,00115,00051,00072&page=001;conbase+Hochfeder-03.djvu p 1 x 437 y 115 h 51 w 72;※ 0_Hochfeder-03_PT01_021.djvu 00131 (131) new
conbase&ra Hochfeder-03 001:00130 [^)];file:../../DjVu/Hochfeder-03.djvu?djvuopts=&highlight=494,96,86,134&page=1;conbase&ra+#Hochfeder-03.djvu p 1 x 506 y 119 h 55 w 69;※ 0_Hochfeder-03_PT01_021.djvu 00132 (132) new
et Hochfeder-03 001:00132 [7];file:../../DjVu/Hochfeder-03.djvu?djvuopts=&highlight=00580,00131,00043,00060&page=001;et+Hochfeder-03.djvu p 1 x 580 y 131 h 43 w 60;※ 0_Hochfeder-03_PT01_021.djvu 00134 (134) new
is Hochfeder-03 001:00138 [[];file:../../DjVu/Hochfeder-03.djvu?djvuopts=&highlight=00648,00123,00023,00084&page=001;is+Hochfeder-03.djvu p 1 x 648 y 123 h 23 w 84;※ 0_Hochfeder-03_PT01_021.djvu 00140 (140) new
rum Hochfeder-03 001:00139 [P];file:../../DjVu/Hochfeder-03.djvu?djvuopts=&highlight=00692,00112,00054,00080&page=001;rum+Hochfeder-03.djvu p 1 x 692 y 112 h 54 w 80;※ 0_Hochfeder-03_PT01_021.djvu 00141 (141) new
usmod Hochfeder-03 001:00140 [e)];file:../../DjVu/Hochfeder-03.djvu?djvuopts=&highlight=764,109,50,96&page=1;usmod+#Hochfeder-03.djvu p 1 x 769 y 155 h 37 w 44;※ 0_Hochfeder-03_PT01_021.djvu 00142 (142) new
