Haller-10 001:00031 [b];file:../../DjVu/Haller-10.djvu?djvuopts=&highlight=00174,00146,00025,00044&page=001;bstrok+ Haller-10.djvu p 1 x 174 y 146 h 25 w 44;※ 0_Haller-10_PT04_173.djvu 00033 (33) new
Haller-10 001:00039 [*];file:../../DjVu/Haller-10.djvu?djvuopts=&highlight=00390,00150,00023,00044&page=001;drotacute+ Haller-10.djvu p 1 x 390 y 150 h 23 w 44;※ 0_Haller-10_PT04_173.djvu 00041 (41) new
Haller-10 001:00050 [é];file:../../DjVu/Haller-10.djvu?djvuopts=&highlight=00730,00147,00023,00047&page=001;hstrok+ Haller-10.djvu p 1 x 730 y 147 h 23 w 47;※ 0_Haller-10_PT04_173.djvu 00052 (52) new
Haller-10 001:00063 [d];file:../../DjVu/Haller-10.djvu?djvuopts=&highlight=00923,00146,00018,00044&page=001;lhighstrok+ Haller-10.djvu p 1 x 923 y 146 h 18 w 44;※ 0_Haller-10_PT04_173.djvu 00065 (65) new
Haller-10 001:00083 [p];file:../../DjVu/Haller-10.djvu?djvuopts=&highlight=01347,00129,00024,00040&page=001;pbardes+ Haller-10.djvu p 1 x 1347 y 129 h 24 w 40;※ 0_Haller-10_PT04_173.djvu 00085 (85) new
Haller-10 001:00084 [MP];file:../../DjVu/Haller-10.djvu?djvuopts=&highlight=00037,00057,00032,00039&page=001;pflour+ Haller-10.djvu p 1 x 37 y 57 h 32 w 39;※ 0_Haller-10_PT04_173.djvu 00086 (86) new
Haller-10 001:00086 [M»];file:../../DjVu/Haller-10.djvu?djvuopts=&highlight=67,47,53,57&page=1;ppflourlig+# Haller-10.djvu p 1 x 80 y 54 h 39 w 45;※ 0_Haller-10_PT04_173.djvu 00088 (88) new
Haller-10 001:00094 [UP];file:../../DjVu/Haller-10.djvu?djvuopts=&highlight=00249,00060,00030,00038&page=001;qslstrok+ Haller-10.djvu p 1 x 249 y 60 h 30 w 38;※ 0_Haller-10_PT04_173.djvu 00096 (96) new
Haller-10 001:00097 [12.];file:../../DjVu/Haller-10.djvu?djvuopts=&highlight=00329,00061,00040,00040&page=001;q3app+ Haller-10.djvu p 1 x 329 y 61 h 40 w 40;※ 0_Haller-10_PT04_173.djvu 00099 (99) new
Haller-10 001:00098 [à];file:../../DjVu/Haller-10.djvu?djvuopts=&highlight=00378,00060,00041,00054&page=001;q3app^+ Haller-10.djvu p 1 x 378 y 60 h 41 w 54;※ 0_Haller-10_PT04_173.djvu 00100 (100) new
Haller-10 001:00104 [fb];file:../../DjVu/Haller-10.djvu?djvuopts=&highlight=00534,00069,00041,00044&page=001;slongbstrok+ Haller-10.djvu p 1 x 534 y 69 h 41 w 44;※ 0_Haller-10_PT04_173.djvu 00106 (106) new
Haller-10 001:00107 [P];file:../../DjVu/Haller-10.djvu?djvuopts=&highlight=00664,00066,00019,00046&page=001;slongflour+ Haller-10.djvu p 1 x 664 y 66 h 19 w 46;※ 0_Haller-10_PT04_173.djvu 00109 (109) new
Haller-10 001:00119 [v];file:../../DjVu/Haller-10.djvu?djvuopts=&highlight=905,57,36,57&page=1;vacute+# Haller-10.djvu p 1 x 911 y 71 h 31 w 26;※ 0_Haller-10_PT04_173.djvu 00121 (121) add
Haller-10 001:00124 [2];file:../../DjVu/Haller-10.djvu?djvuopts=&highlight=01028,00052,00020,00046&page=001;conbase+ Haller-10.djvu p 1 x 1028 y 52 h 20 w 46;※ 0_Haller-10_PT04_173.djvu 00126 (126) new
Haller-10 001:00126 [(];file:../../DjVu/Haller-10.djvu?djvuopts=&highlight=01090,00052,00012,00049&page=001;is+ Haller-10.djvu p 1 x 1090 y 52 h 12 w 49;※ 0_Haller-10_PT04_173.djvu 00128 (128) new
Haller-10 001:00127 [H];file:../../DjVu/Haller-10.djvu?djvuopts=&highlight=01115,00055,00024,00039&page=001;rum+ Haller-10.djvu p 1 x 1115 y 55 h 24 w 39;※ 0_Haller-10_PT04_173.djvu 00129 (129) new
Haller-10 001:00128 [Q9];file:../../DjVu/Haller-10.djvu?djvuopts=&highlight=1143,57,26,55&page=1;usmod+# Haller-10.djvu p 1 x 1148 y 80 h 19 w 26;※ 0_Haller-10_PT04_173.djvu 00130 (130) new
Haller-10;file:../../DjVu/Haller-10.djvu?djvuopts=&highlight=289,45,37,76&page=1;qslstrok^+;
Haller-10;file:../../DjVu/Haller-10.djvu?djvuopts=&highlight=1053,51,30,55&page=1;et+;
